slug,name,shortcut,value,ci_low,ci_high,confidence,rarity,tier,demand,demand_ratio,trade_count,derivation,share_url,image_url,generated_at,n_trades_used,join_key,tier_item_name,alias,category,tier_tier,tier_ordinal,sub_tier,sub_tier_ordinal,obtainability,is_unobtainable,is_unstable,demand_status,demand_ordinal,rarity_score,popularity_score,has_detailed_record,fallback_value_score,has_tier_enrichment
prestige-cupids-chakram,Prestige Cupid's Chakram,PCHAK,3908036.58,3321831.1,4494242.08,medium,Collectable,SS,Low,0.83,233,ratio_chain,https://gpovalues.com/item/prestige-cupids-chakram,https://gpovalues.com/images/Prestige%20Cupid%27s%20Chakram.webp?v=3cc08c66,2026-10-06T06:32:22.208273+00:00,128880,prestige cupid's chakram,,,,,,,,,,,,,,,,,False
prestige-candy-cane,Prestige Candy Cane,PCC,3000000.0,2700000.0,3300000.0,medium,Collectable,SS,Stable,1.28,811,community_anchor,https://gpovalues.com/item/prestige-candy-cane,https://gpovalues.com/images/Prestige%20Candy%20Cane.webp?v=fbc35b7c,2026-10-06T06:32:22.208273+00:00,128880,prestige candy cane,Prestige Candy Cane,PCC,Weapon,SS,8.0,High Tier,3.0,ANNIVERSARY,True,False,High Demand,3.0,10.0,9.0,True,41.0,True
prestige-maid-outfit,Prestige Maid Outfit,PMO,1861827.62,1582553.47,2141101.76,medium,,,Low,0.66,381,ratio_chain,https://gpovalues.com/item/prestige-maid-outfit,https://gpovalues.com/images/Prestige%20Maid%20Outfit.webp?v=3ed2669d,2026-10-06T06:32:22.208273+00:00,128880,prestige maid outfit,,,,,,,,,,,,,,,,,False
prestige-world-ender,Prestige World Ender,PWE,1592854.48,1353926.31,1831782.65,medium,Collectable,SS,High,1.52,779,ratio_chain,https://gpovalues.com/item/prestige-world-ender,https://gpovalues.com/images/Prestige%20World%20Ender.webp?v=2db200e6,2026-10-06T06:32:22.208273+00:00,128880,prestige world ender,Prestige World Ender,PWE,Weapon,SS,8.0,Mid Tier,2.0,UNOB,True,True,High Demand,3.0,10.0,7.0,True,39.0,True
prestige-firework-lancer,Prestige Firework Lancer,PFL,1004357.34,903921.62,1104793.08,high,Collectable,SS,Low,0.79,1005,ratio_chain,https://gpovalues.com/item/prestige-firework-lancer,https://gpovalues.com/images/Prestige%20Firework%20Lancer.webp?v=5395483d,2026-10-06T06:32:22.208273+00:00,128880,prestige firework lancer,Prestige Firework Lancer,PFL,Weapon,SS,8.0,Mid Tier,2.0,ANNIVERSARY,True,False,High Demand,3.0,10.0,8.0,True,40.0,True
prestige-inferno-rocket-blade,Prestige Inferno Rocket Blade,PIRB,887206.04,754125.12,1020286.93,medium,Collectable,SS,Low,0.87,860,ratio_chain,https://gpovalues.com/item/prestige-inferno-rocket-blade,https://gpovalues.com/images/Prestige%20Inferno%20Rocket%20Blade.webp?v=533d1d27,2026-10-06T06:32:22.208273+00:00,128880,prestige inferno rocket blade,Prestige Inferno Rocket Blade,PIRB,Weapon,SS,8.0,Mid Tier,2.0,ANNIVERSARY,True,True,Stable Demand,2.0,10.0,7.0,True,37.0,True
iceborn-candy-cane,Iceborn Candy Cane,ICC,741971.34,667774.21,816168.47,high,Collectable,S,High,1.7,2393,ratio_chain,https://gpovalues.com/item/iceborn-candy-cane,https://gpovalues.com/images/Iceborn%20Candy%20Cane.webp?v=9f40df54,2026-10-06T06:32:22.208273+00:00,128880,iceborn candy cane,Iceborn Candy Cane,ICC,,A+,7.0,High Tier,3.0,,,,,,,,False,21.7,True
anomalized-mega-pow,Anomalized Mega-Pow,AMP,552835.11,469909.85,635760.38,medium,Collectable,S,Stable,1.39,420,ratio_chain,https://gpovalues.com/item/anomalized-mega-pow,https://gpovalues.com/images/Anomalized%20Mega-Pow.webp?v=88233787,2026-10-06T06:32:22.208273+00:00,128880,anomalized mega-pow,Anomalized Mega-Pow,AMP,,A+,7.0,High Tier,3.0,,,,,,,,False,21.7,True
prestige-fruitbag,Prestige Fruitbag,PBAG,472914.05,425622.65,520205.46,high,Legendary,S,Stable,0.92,2793,ratio_chain,https://gpovalues.com/item/prestige-fruitbag,https://gpovalues.com/images/Prestige%20Fruitbag.webp?v=cbb00f02,2026-10-06T06:32:22.208273+00:00,128880,prestige fruitbag,Prestige Fruitbag,PBAG,Utility,SS,8.0,High Tier,3.0,ANNIVERSARY,True,False,Stable Demand,2.0,10.0,8.0,True,38.0,True
chromatic-all-seeing-eye,Chromatic All Seeing Eye,CASE,409720.71,368748.63,450692.79,high,Mythical,S,Low,0.83,1633,ratio_chain,https://gpovalues.com/item/chromatic-all-seeing-eye,https://gpovalues.com/images/Chromatic%20All%20Seeing%20Eye.webp?v=d4679684,2026-10-06T06:32:22.208273+00:00,128880,chromatic all seeing eye,Chromatic All Seeing Eye,CASE,Utility Item,SS,8.0,High Tier,3.0,ANNIVERSARY,True,False,Stable Demand,2.0,10.0,7.0,True,37.0,True
prestige-firework-daggers,Prestige Firework Daggers,PFD,378790.51,321971.93,435609.09,medium,Collectable,S,Low,0.72,665,ratio_chain,https://gpovalues.com/item/prestige-firework-daggers,https://gpovalues.com/images/Prestige%20Firework%20Daggers.webp?v=9f55382b,2026-10-06T06:32:22.208273+00:00,128880,prestige firework daggers,Prestige Firework Daggers,PFD,,SS,8.0,High Tier,3.0,,,,,,,,False,24.8,True
candy-cane,Candy Cane,CC,376939.94,339245.95,414633.94,high,Legendary,S,High,1.63,4283,ratio_chain,https://gpovalues.com/item/candy-cane,https://gpovalues.com/images/Candy%20Cane.webp?v=b7793557,2026-10-06T06:32:22.208273+00:00,128880,candy cane,Candy Cane,CC,Weapon,SS,8.0,High Tier,3.0,UNOB,True,True,High Demand,3.0,9.0,8.0,True,39.0,True
emerald-valkyrie,Emerald Valkyrie,EV,288690.38,245386.83,331993.94,medium,Legendary,VERY_UNSTABLE,Low,0.08,306,ratio_chain,https://gpovalues.com/item/emerald-valkyrie,https://gpovalues.com/images/Emerald%20Valkyrie.webp?v=798415c3,2026-10-06T06:32:22.208273+00:00,128880,emerald valkyrie,Emerald Valkyrie,Crew Store,,F,1.0,,,,,,,,,,False,3.1,True
leos-inferno-hagoromo,Leo's Inferno Hagoromo,LIH,246485.68,221837.11,271134.24,high,Collectable,S,High,2.22,4858,ratio_chain,https://gpovalues.com/item/leos-inferno-hagoromo,https://gpovalues.com/images/Leo%27s%20Inferno%20Hagoromo.webp?v=1954af42,2026-10-06T06:32:22.208273+00:00,128880,leo's inferno hagoromo,Leo's Inferno Hagoromo,,,SS,8.0,Low Tier,1.0,,,,,,,,False,24.8,True
all-seeing-shamrock,All Seeing Shamrock,SASE,222040.52,199836.46,244244.57,high,Mythical,S,Stable,1.23,3010,ratio_chain,https://gpovalues.com/item/all-seeing-shamrock,https://gpovalues.com/images/All%20Seeing%20Shamrock.webp?v=853fb850,2026-10-06T06:32:22.208273+00:00,128880,all seeing shamrock,All Seeing Shamrock,,,SS,8.0,Mid Tier,2.0,,,,,,,,False,24.8,True
dominus-ultimus,Dominus Ultimus,DU,183978.38,156381.63,211575.15,medium,Collectable,S,Low,0.36,425,ratio_chain,https://gpovalues.com/item/dominus-ultimus,https://gpovalues.com/images/Dominus%20Ultimus.webp?v=5a306dc7,2026-10-06T06:32:22.208273+00:00,128880,dominus ultimus,Dominus Ultimus,,,SS,8.0,Mid Tier,2.0,,,,,,,,False,24.8,True
prestige-firework-rocket-launcher,Prestige Firework Rocket Launcher,PFRL,177359.23,150755.34,203963.11,medium,Collectable,S,Low,0.52,535,ratio_chain,https://gpovalues.com/item/prestige-firework-rocket-launcher,https://gpovalues.com/images/Prestige%20Firework%20Rocket%20Launcher.webp?v=738440af,2026-10-06T06:32:22.208273+00:00,128880,prestige firework rocket launcher,Prestige Firework Rocket Launcher,PFRL,,SS,8.0,Mid Tier,2.0,,,,,,,,False,24.8,True
jesters-outfit,Jester's Outfit,JFIT,155242.4,139718.16,170766.64,high,Collectable,S,Low,0.76,3029,ratio_chain,https://gpovalues.com/item/jesters-outfit,https://gpovalues.com/images/Jester%27s%20Outfit.webp?v=695fdaec,2026-10-06T06:32:22.208273+00:00,128880,jester's outfit,Jester's Outfit,JFIT,,SS,8.0,Mid Tier,2.0,,,,,,,,False,24.8,True
titan-shifters-aura,Titan Shifter's Aura,TSA,142846.33,128561.7,157130.96,high,Collectable,S,Stable,1.11,2272,ratio_chain,https://gpovalues.com/item/titan-shifters-aura,https://gpovalues.com/images/Titan%20Shifter%27s%20Aura.webp?v=babf3c3b,2026-10-06T06:32:22.208273+00:00,128880,titan shifter's aura,Titan Shifter's Aura,,,SS,8.0,Low Tier,1.0,,,,,,,,False,24.8,True
blackvalk,Blackvalk,BLV,130533.08,110953.13,150113.05,medium,Legendary,VERY_UNSTABLE,Low,0.6,391,ratio_chain,https://gpovalues.com/item/blackvalk,https://gpovalues.com/images/Blackvalk.webp?v=0e99c020,2026-10-06T06:32:22.208273+00:00,128880,blackvalk,Blackvalk,Crew Store,,F,1.0,,,,,,,,,,False,3.1,True
blessed-exalted-cupid-queens-wings,Blessed Exalted Cupid Queen's Wings,BWINGS,158315.92,110821.14,205810.69,medium,Collectable,S,Low,0.62,939,1to1_alignment,https://gpovalues.com/item/blessed-exalted-cupid-queens-wings,https://gpovalues.com/images/Blessed%20Exalted%20Cupid%20Queen%27s%20Wings.webp?v=2d7d4b54,2026-10-06T06:32:22.208273+00:00,128880,blessed exalted cupid queen's wings,Blessed Exalted Cupid Queen's Wings,BWINGS,,SS,8.0,Low Tier,1.0,,,,,,,,False,24.8,True
all-seeing-egg,All Seeing Egg,BLOASE,108615.64,97754.07,119477.2,high,Mythical,S,Low,0.6,2684,ratio_chain,https://gpovalues.com/item/all-seeing-egg,https://gpovalues.com/images/All%20Seeing%20Egg.webp?v=945da3ed,2026-10-06T06:32:22.208273+00:00,128880,all seeing egg,All Seeing Egg,BLO ASE,,SS,8.0,Low Tier,1.0,,,,,,,,False,24.8,True
all-seeing-blossom,All Seeing Blossom,BLASE,102391.93,92152.74,112631.12,high,Mythical,S,Low,0.78,10607,ratio_chain,https://gpovalues.com/item/all-seeing-blossom,https://gpovalues.com/images/All%20Seeing%20Blossom.webp?v=e8056638,2026-10-06T06:32:22.208273+00:00,128880,all seeing blossom,,,,,,,,,,,,,,,,,False
all-seeing-baal,All Seeing Ba'al,BASE,88989.89,80090.91,97888.88,high,Mythical,S,Low,0.54,4387,ratio_chain,https://gpovalues.com/item/all-seeing-baal,https://gpovalues.com/images/All%20Seeing%20Ba%27al.webp?v=23cb797f,2026-10-06T06:32:22.208273+00:00,128880,all seeing ba'al,All Seeing Ba'al,BASE,,SS,8.0,Low Tier,1.0,,,,,,,,False,24.8,True
all-seeing-holly,All Seeing Holly,HASE,87559.88,78803.88,96315.87,high,Mythical,S,Low,0.5,4535,ratio_chain,https://gpovalues.com/item/all-seeing-holly,https://gpovalues.com/images/All%20Seeing%20Holly.webp?v=7c34b07d,2026-10-06T06:32:22.208273+00:00,128880,all seeing holly,All Seeing Holly,HASE,,SS,8.0,Low Tier,1.0,,,,,,,,False,24.8,True
cupids-all-seeing-eye,Cupid's All Seeing Eye,CQASE,83891.35,75502.21,92280.48,high,Mythical,A+,Low,0.81,3347,ratio_chain,https://gpovalues.com/item/cupids-all-seeing-eye,https://gpovalues.com/images/Cupid%27s%20All%20Seeing%20Eye.webp?v=fb3c6e1c,2026-10-06T06:32:22.208273+00:00,128880,cupid's all seeing eye,Cupid's All Seeing Eye,QASE,,SS,8.0,High Tier,3.0,,,,,,,,False,24.8,True
all-seeing-eye,All Seeing Eye,ASE,80310.3,72279.26,88341.32,high,Mythical,A+,High,4.22,13031,ratio_chain,https://gpovalues.com/item/all-seeing-eye,https://gpovalues.com/images/All%20Seeing%20Eye.webp?v=a2c488c2,2026-10-06T06:32:22.208273+00:00,128880,all seeing eye,All Seeing Eye,ASE,Utility Item,SS,8.0,High Tier,3.0,STORE,False,False,High Demand,3.0,4.0,8.0,True,34.0,True
soul-kings-scarf,Soul King's Scarf,SKS,79521.24,71569.12,87473.37,high,Collectable,A+,Stable,0.92,3225,ratio_chain,https://gpovalues.com/item/soul-kings-scarf,https://gpovalues.com/images/Soul%20King%27s%20Scarf.webp?v=2b4417b2,2026-10-06T06:32:22.208273+00:00,128880,soul king's scarf,Soul King's Scarf,SKS,Vanity,A+,7.0,High Tier,3.0,DROP,False,False,Stable Demand,2.0,8.0,8.0,True,34.0,True
yukio-the-bunny,Yukio The Bunny,YB,70569.35,63512.42,77626.29,high,Legendary,A+,Low,0.84,1692,ratio_chain,https://gpovalues.com/item/yukio-the-bunny,https://gpovalues.com/images/Yukio%20The%20Bunny.webp?v=07b1e311,2026-10-06T06:32:22.208273+00:00,128880,yukio the bunny,Yukio The Bunny,,,SS,8.0,Low Tier,1.0,,,,,,,,False,24.8,True
ice-valkyrie,Ice Valkyrie,IV,50306.49,42760.52,57852.46,medium,Legendary,VERY_UNSTABLE,Low,0.48,329,ratio_chain,https://gpovalues.com/item/ice-valkyrie,https://gpovalues.com/images/Ice%20Valkyrie.webp?v=f1c89ec2,2026-10-06T06:32:22.208273+00:00,128880,ice valkyrie,Ice Valkyrie,Crew Store,,F,1.0,,,,,,,,,,False,3.1,True
troll-face,Troll Face,TF,47604.17,40463.55,54744.8,medium,Epic,A+,Low,0.46,470,ratio_chain,https://gpovalues.com/item/troll-face,https://gpovalues.com/images/Troll%20Face.webp?v=adffb916,2026-10-06T06:32:22.208273+00:00,128880,troll face,Troll Face,,,A+,7.0,Mid Tier,2.0,,,,,,,,False,21.7,True
brand-of-sacrifice,Brand of Sacrifice,BOS,47208.49,42487.64,51929.34,high,Collectable,NEW,Low,0.6,5252,ratio_chain,https://gpovalues.com/item/brand-of-sacrifice,https://gpovalues.com/images/Brand%20of%20Sacrifice.webp?v=fa49fbb6,2026-10-06T06:32:22.208273+00:00,128880,brand of sacrifice,,,,,,,,,,,,,,,,,False
bunyo-the-bunny,Bunyo The Bunny,BB,49673.23,44705.9,54640.55,high,Legendary,A+,Stable,0.97,1972,ratio_chain,https://gpovalues.com/item/bunyo-the-bunny,https://gpovalues.com/images/Bunyo%20The%20Bunny.webp?v=ba7533ac,2026-10-06T06:32:22.208273+00:00,128880,bunyo the bunny,Bunyo The Bunny,,,A+,7.0,Mid Tier,2.0,,,,,,,,False,21.7,True
world-ender,World Ender,WE,47781.01,43002.9,52559.11,high,Legendary,A+,Stable,1.3,4383,ratio_chain,https://gpovalues.com/item/world-ender,https://gpovalues.com/images/World%20Ender.webp?v=5e239cea,2026-10-06T06:32:22.208273+00:00,128880,world ender,World Ender,WE,,A+,7.0,Mid Tier,2.0,,,,,,,,False,21.7,True
flower-bouquet,Flower Bouquet,FB,45109.02,40598.12,49619.92,high,Legendary,A+,Stable,0.92,2119,ratio_chain,https://gpovalues.com/item/flower-bouquet,https://gpovalues.com/images/Flower%20Bouquet.webp?v=72561b7b,2026-10-06T06:32:22.208273+00:00,128880,flower bouquet,Flower Bouquet,Bouquet,Support Weapon,A+,7.0,Mid Tier,2.0,UNOB,True,False,Stable Demand,2.0,9.0,7.0,True,34.0,True
mega-pow,Mega-Pow,MP,36800.0,33120.0,40480.0,high,Legendary,A+,Low,0.69,6393,ratio_chain,https://gpovalues.com/item/mega-pow,https://gpovalues.com/images/Mega-Pow.webp?v=83a5fbaa,2026-10-06T06:32:22.208273+00:00,128880,mega-pow,,,,,,,,,,,,,,,,,False
nightfall-aura,Nightfall Aura,NFA,34030.06,30627.05,37433.06,high,Collectable,A+,Low,0.48,5449,ratio_chain,https://gpovalues.com/item/nightfall-aura,,2026-10-06T06:32:22.208273+00:00,128880,nightfall aura,,,,,,,,,,,,,,,,,False
snowcap-scepter,Snowcap Scepter,SCEP,31755.26,26991.96,36518.54,medium,Legendary,A+,Low,0.68,411,ratio_chain,https://gpovalues.com/item/snowcap-scepter,https://gpovalues.com/images/Snowcap%20Scepter.webp?v=f1aa6c75,2026-10-06T06:32:22.208273+00:00,128880,snowcap scepter,Snowcap Scepter,,,A+,7.0,Mid Tier,2.0,,,,,,,,False,21.7,True
tung-tung-thunder-club,Tung Tung Thunder Club,TTC,31743.17,28568.85,34917.5,high,,A+,Low,0.54,2928,ratio_chain,https://gpovalues.com/item/tung-tung-thunder-club,https://gpovalues.com/images/Tung%20Tung%20Thunder%20Club.webp?v=f7d037c8,2026-10-06T06:32:22.208273+00:00,128880,tung tung thunder club,,,,,,,,,,,,,,,,,False
blessed-cupid-queens-scarf,Blessed Cupid Queen's Scarf,BSCARF,31268.67,26578.38,35958.97,medium,Collectable,A+,Low,0.56,418,ratio_chain,https://gpovalues.com/item/blessed-cupid-queens-scarf,https://gpovalues.com/images/Blessed%20Cupid%20Queen%27s%20Scarf.webp?v=f6f5682f,2026-10-06T06:32:22.208273+00:00,128880,blessed cupid queen's scarf,Blessed Cupid Queen's Scarf,BSCARF,,A+,7.0,Mid Tier,2.0,,,,,,,,False,21.7,True
dragon,Dragon,DRAGON,31827.88,28645.09,35010.67,high,Mythical,A+,Stable,1.12,7323,ratio_chain,https://gpovalues.com/item/dragon,https://gpovalues.com/images/Dragon.webp?v=7a530f80,2026-10-06T06:32:22.208273+00:00,128880,dragon,,,,,,,,,,,,,,,,,False
inverted-spear-of-heaven,Inverted Spear Of Heaven,ISOH,25772.63,21906.72,29638.51,medium,Legendary,A+,Low,0.57,412,ratio_chain,https://gpovalues.com/item/inverted-spear-of-heaven,https://gpovalues.com/images/Inverted%20Spear%20Of%20Heaven.webp?v=cb85bf4a,2026-10-06T06:32:22.208273+00:00,128880,inverted spear of heaven,Inverted Spear Of Heaven,ISOH,,A+,7.0,Low Tier,1.0,,,,,,,,False,21.7,True
soul-cleaver,Soul Cleaver,NAPO,30623.36,27561.03,33685.7,high,Mythical,A+,Low,0.78,2662,ratio_chain,https://gpovalues.com/item/soul-cleaver,https://gpovalues.com/images/Soul%20Cleaver.webp?v=ad8b4592,2026-10-06T06:32:22.208273+00:00,128880,soul cleaver,Soul Cleaver,NAPOLEON,,A+,7.0,Low Tier,1.0,,,,,,,,False,21.7,True
blessed-cupids-bow,Blessed Cupid's Bow,BBOW,28587.78,24299.61,32875.95,medium,Collectable,A,Low,0.47,296,ratio_chain,https://gpovalues.com/item/blessed-cupids-bow,https://gpovalues.com/images/Blessed%20Cupid%27s%20Bow.webp?v=c4338cee,2026-10-06T06:32:22.208273+00:00,128880,blessed cupid's bow,Blessed Cupid's Bow,BBOW,,A,6.0,High Tier,3.0,,,,,,,,False,18.6,True
thunder-club,Thunder Club,TCLUB,31148.38,28033.54,34263.22,high,Mythical,A+,High,4.17,6156,ratio_chain,https://gpovalues.com/item/thunder-club,https://gpovalues.com/images/Thunder%20Club.webp?v=003ec7de,2026-10-06T06:32:22.208273+00:00,128880,thunder club,,,,,,,,,,,,,,,,,False
devil-fruit-rod,Devil Fruit Rod,DFR,23412.76,21071.49,25754.04,high,Mythical,A+,Low,0.44,8929,ratio_chain,https://gpovalues.com/item/devil-fruit-rod,https://gpovalues.com/images/Devil%20Fruit%20Rod.webp?v=4d9b3bfc,2026-10-06T06:32:22.208273+00:00,128880,devil fruit rod,Devil Fruit Rod,DF ROD,Utility Tool,A,6.0,High Tier,3.0,CRAFTING,False,False,High Demand,3.0,7.0,9.0,True,34.0,True
blessed-cupid-vanguard-outfit,Blessed Cupid Vanguard Outfit,BCVO,23902.65,19122.12,28683.18,low,Collectable,,Stable,1.05,90,ratio_chain,https://gpovalues.com/item/blessed-cupid-vanguard-outfit,https://gpovalues.com/images/Blessed%20Cupid%20Vanguard%20Outfit.webp?v=9effc2b6,2026-10-06T06:32:22.208273+00:00,128880,blessed cupid vanguard outfit,,,,,,,,,,,,,,,,,False
blessed-exalted-cupid-queen-outfit,Blessed Exalted Cupid Queen Outfit,BQFIT,23338.36,18670.69,28006.03,low,Collectable,A,Stable,0.95,152,ratio_chain,https://gpovalues.com/item/blessed-exalted-cupid-queen-outfit,https://gpovalues.com/images/Blessed%20Exalted%20Cupid%20Queen%20Outfit.webp?v=cc1a06fa,2026-10-06T06:32:22.208273+00:00,128880,blessed exalted cupid queen outfit,Blessed Exalted Cupid Queen Outfit,BQFIT,,A,6.0,High Tier,3.0,,,,,,,,False,18.6,True
coyote-outfit,Coyote Outfit,CO,21214.47,19093.02,23335.92,high,Legendary,A,Low,0.78,1022,ratio_chain,https://gpovalues.com/item/coyote-outfit,https://gpovalues.com/images/Coyote%20Outfit.webp?v=adddb7af,2026-10-06T06:32:22.208273+00:00,128880,coyote outfit,Coyote Outfit,,,A,6.0,High Tier,3.0,,,,,,,,False,18.6,True
nightfall-shroud,Nightfall Shroud,NFS,21613.57,19452.21,23774.92,high,Collectable,A,Stable,1.21,3095,ratio_chain,https://gpovalues.com/item/nightfall-shroud,https://gpovalues.com/images/Nightfall%20Shroud.webp?v=17127eb5,2026-10-06T06:32:22.208273+00:00,128880,nightfall shroud,Nightfall Shroud,NFS,,A,6.0,Low Tier,1.0,,,,,,,,False,18.6,True
hollows-world-ender,Hollow's World Ender,HWE,18693.28,16823.95,20562.6,high,Collectable,A,Low,0.42,4138,ratio_chain,https://gpovalues.com/item/hollows-world-ender,https://gpovalues.com/images/Hollow%27s%20World%20Ender.webp?v=e9b538e4,2026-10-06T06:32:22.208273+00:00,128880,hollow's world ender,Hollow's World Ender,HWE,,A,6.0,High Tier,3.0,,,,,,,,False,18.6,True
toji-event-item,Toji (event item),TOJI,21640.05,19476.04,23804.05,high,Legendary,,Low,0.63,3012,ratio_chain,https://gpovalues.com/item/toji-event-item,https://gpovalues.com/images/Inverted%20Spear%20Of%20Heaven.webp?v=cb85bf4a,2026-10-06T06:32:22.208273+00:00,128880,toji (event item),,,,,,,,,,,,,,,,,False
hopiyo-the-bunny,Hopiyo The Bunny,HB,17861.5,16075.34,19647.64,high,Legendary,A,Low,0.86,2832,ratio_chain,https://gpovalues.com/item/hopiyo-the-bunny,https://gpovalues.com/images/Hopiyo%20The%20Bunny.webp?v=7adaeb22,2026-10-06T06:32:22.208273+00:00,128880,hopiyo the bunny,,,,,,,,,,,,,,,,,False
time-rift-capsule,Time-Rift Capsule,TRC,17000.0,15300.0,18700.0,high,Epic,A,Low,0.28,1911,ratio_chain,https://gpovalues.com/item/time-rift-capsule,https://gpovalues.com/images/Time-Rift%20Capsule.webp?v=b96dbc2a,2026-10-06T06:32:22.208273+00:00,128880,time-rift capsule,Time-Rift Capsule,,,A,6.0,High Tier,3.0,,,,,,,,False,18.6,True
sickle-of-sorrow,Sickle of Sorrow,SOS,16386.18,14747.55,18024.8,high,Legendary,A,Low,0.64,4392,ratio_chain,https://gpovalues.com/item/sickle-of-sorrow,https://gpovalues.com/images/Sickle%20of%20Sorrow.webp?v=25f180f1,2026-10-06T06:32:22.208273+00:00,128880,sickle of sorrow,Sickle of Sorrow,,,A,6.0,High Tier,3.0,,,,,,,,False,18.6,True
dark-blade,Dark Blade,DB,14922.81,13430.53,16415.09,high,Mythical,A,Low,0.43,12341,ratio_chain,https://gpovalues.com/item/dark-blade,https://gpovalues.com/images/Dark%20Blade.webp?v=e6157f1c,2026-10-06T06:32:22.208273+00:00,128880,dark blade,Dark Blade,DB / Yoru,Mythical Weapon,A,6.0,High Tier,3.0,DROP,False,False,Stable Demand,2.0,7.0,8.0,True,31.0,True
stark-guns,Stark Guns,SGUNS,15009.66,13508.7,16510.63,high,Legendary,A,Low,0.74,2030,ratio_chain,https://gpovalues.com/item/stark-guns,https://gpovalues.com/images/Stark%20Gun.webp?v=17afdacf,2026-10-06T06:32:22.208273+00:00,128880,stark guns,Stark Guns,SGUNS,,A,6.0,Low Tier,1.0,,,,,,,,False,18.6,True
virtuous-cupid-queens-wings,Virtuous Cupid Queen's Wings,VCQW,15684.81,13332.09,18037.54,medium,Legendary,A,Stable,1.39,873,ratio_chain,https://gpovalues.com/item/virtuous-cupid-queens-wings,https://gpovalues.com/images/Virtuous%20Cupid%20Queen%27s%20Wings.webp?v=26acdfde,2026-10-06T06:32:22.208273+00:00,128880,virtuous cupid queen's wings,,,,,,,,,,,,,,,,,False
resurrected-baals-head,Resurrected Ba'al's Head,RESHEAD,13524.25,12171.82,14876.68,high,Legendary,A,Low,0.72,4386,ratio_chain,https://gpovalues.com/item/resurrected-baals-head,https://gpovalues.com/images/Resurrected%20Ba%27al%27s%20Head.webp?v=fc51f583,2026-10-06T06:32:22.208273+00:00,128880,resurrected ba'al's head,Resurrected Ba'al's Head,RES HEAD,,A,6.0,High Tier,3.0,,,,,,,,False,18.6,True
flamingo-boat,Flamingo Boat,FB,10993.61,9894.25,12092.97,high,Rare,A-,Low,0.83,2093,ratio_chain,https://gpovalues.com/item/flamingo-boat,https://gpovalues.com/images/Flamingo%20Boat.webp?v=374c75e5,2026-10-06T06:32:22.208273+00:00,128880,flamingo boat,Flamingo Boat,,,A,6.0,Low Tier,1.0,,,,,,,,False,18.6,True
hover-pod,Hover Pod,HPOD,11940.25,10746.22,13134.27,high,Epic,A,Low,0.42,4148,ratio_chain,https://gpovalues.com/item/hover-pod,https://gpovalues.com/images/Hover%20Pod.webp?v=6eba5cde,2026-10-06T06:32:22.208273+00:00,128880,hover pod,Hover Pod,HPOD,,A,6.0,Low Tier,1.0,,,,,,,,False,18.6,True
leopard,Leopard,LEO,11371.85,10234.67,12509.04,high,Mythical,A,Low,0.46,3410,ratio_chain,https://gpovalues.com/item/leopard,https://gpovalues.com/images/Leopard.webp?v=496a4ba2,2026-10-06T06:32:22.208273+00:00,128880,leopard,,,,,,,,,,,,,,,,,False
kikoku,Kikoku,KIKO,11647.32,10482.59,12812.06,high,Mythical,A,Low,0.43,6303,ratio_chain,https://gpovalues.com/item/kikoku,https://gpovalues.com/images/Kikoku.webp?v=73f13660,2026-10-06T06:32:22.208273+00:00,128880,kikoku,Kikoku,Kikoku,Mythical Weapon,A,6.0,High Tier,3.0,DROP,False,False,Stable Demand,2.0,7.0,7.0,True,30.0,True
exalted-cupid-queens-wings,Exalted Cupid Queen's Wings,EWINGS,11620.49,9877.42,13363.57,medium,Legendary,A,Stable,1.07,927,ratio_chain,https://gpovalues.com/item/exalted-cupid-queens-wings,https://gpovalues.com/images/Exalted%20Cupid%20Queen%27s%20Wings.webp?v=3a1cde18,2026-10-06T06:32:22.208273+00:00,128880,exalted cupid queen's wings,,,,,,,,,,,,,,,,,False
exalted-cupid-queen-outfit,Exalted Cupid Queen Outfit,EQFIT,11176.83,8941.46,13412.19,low,Collectable,B+,Stable,1.22,164,ratio_chain,https://gpovalues.com/item/exalted-cupid-queen-outfit,https://gpovalues.com/images/Exalted%20Cupid%20Queen%20Outfit.webp?v=7c8b9085,2026-10-06T06:32:22.208273+00:00,128880,exalted cupid queen outfit,Exalted Cupid Queen Outfit,,,A-,5.0,High Tier,3.0,,,,,,,,False,15.5,True
cupid-queens-outfit,Cupid Queen's Outfit,QFIT,9248.91,7861.58,10636.24,medium,Collectable,A-,Low,0.83,292,ratio_chain,https://gpovalues.com/item/cupid-queens-outfit,https://gpovalues.com/images/Cupid%20Queen%27s%20Outfit.webp?v=09402628,2026-10-06T06:32:22.208273+00:00,128880,cupid queen's outfit,Cupid Queen's Outfit,QFIT,,B+,4.0,Low Tier,1.0,,,,,,,,False,12.4,True
mythical-fruit-chest,Mythical Fruit Chest,MC,11500.0,10350.0,12650.0,high,Mythical,A,Stable,1.07,32028,ratio_chain,https://gpovalues.com/item/mythical-fruit-chest,https://gpovalues.com/images/Mythical%20Fruit%20Chest.webp?v=24999bcf,2026-10-06T06:32:22.208273+00:00,128880,mythical fruit chest,,,,,,,,,,,,,,,,,False
head-of-baal,Head of Ba'al,HB,9719.01,8747.11,10690.92,high,Legendary,A-,Stable,1.11,1002,ratio_chain,https://gpovalues.com/item/head-of-baal,https://gpovalues.com/images/Head%20of%20Ba%27al.webp?v=66312c64,2026-10-06T06:32:22.208273+00:00,128880,head of ba'al,Head of Ba'al,,,A,6.0,Mid Tier,2.0,,,,,,,,False,18.6,True
mochi,Mochi,MOCHI,8804.02,7923.62,9684.42,high,Mythical,A-,Stable,1.03,6292,ratio_chain,https://gpovalues.com/item/mochi,https://gpovalues.com/images/Mochi%20Mochi%20no%20Mi%20%28Mochi-Mochi%20Fruit%29.webp?v=d3ed57ed,2026-10-06T06:32:22.208273+00:00,128880,mochi,,,,,,,,,,,,,,,,,False
firework-lancer,Firework Lancer,FL,8094.36,7284.93,8903.8,high,Legendary,A-,Low,0.43,1051,ratio_chain,https://gpovalues.com/item/firework-lancer,https://gpovalues.com/images/Firework%20Lancer.webp?v=d482cd70,2026-10-06T06:32:22.208273+00:00,128880,firework lancer,Firework Lancer,FL,,A,6.0,Mid Tier,2.0,,,,,,,,False,18.6,True
cupid-queens-wings,Cupid Queen's Wings,QWINGS,9027.43,8124.69,9930.17,high,Legendary,A-,Stable,1.35,1395,ratio_chain,https://gpovalues.com/item/cupid-queens-wings,https://gpovalues.com/images/Cupid%20Queen%27s%20Wings.webp?v=b0797c04,2026-10-06T06:32:22.208273+00:00,128880,cupid queen's wings,Cupid Queen's Wings,QWINGS,,A,6.0,Low Tier,1.0,,,,,,,,False,18.6,True
venom,Venom,VENOM,7510.08,6759.08,8261.09,high,Mythical,A-,Stable,1.21,5160,ratio_chain,https://gpovalues.com/item/venom,https://gpovalues.com/images/Doku%20Doku%20No%20Mi%20%28Poison%20Poison%20Fruit%29.webp?v=21adca3c,2026-10-06T06:32:22.208273+00:00,128880,venom,,,,,,,,,,,,,,,,,False
soul-kings-guitar,Soul King's Guitar,SKG,7029.89,6326.89,7732.88,high,Legendary,A-,Stable,1.01,3053,ratio_chain,https://gpovalues.com/item/soul-kings-guitar,https://gpovalues.com/images/Soul%20King%27s%20Guitar.webp?v=3e079601,2026-10-06T06:32:22.208273+00:00,128880,soul king's guitar,Soul King's Guitar,SKG,,A,6.0,Mid Tier,2.0,,,,,,,,False,18.6,True
soul,Soul,SOUL,6739.25,6065.34,7413.18,high,Mythical,A-,Low,0.45,4995,ratio_chain,https://gpovalues.com/item/soul,https://gpovalues.com/images/Soul.webp?v=048be688,2026-10-06T06:32:22.208273+00:00,128880,soul,,,,,,,,,,,,,,,,,False
cupid-queens-scarf,Cupid Queen's Scarf,CQS,6687.23,5684.14,7690.31,medium,Mythical,B+,Low,0.88,301,ratio_chain,https://gpovalues.com/item/cupid-queens-scarf,https://gpovalues.com/images/Cupid%20Queen%27s%20Scarf.webp?v=79f6c5ac,2026-10-06T06:32:22.208273+00:00,128880,cupid queen's scarf,Cupid Queen's Scarf,,,B+,4.0,High Tier,3.0,,,,,,,,False,12.4,True
nightfall-half-shroud,Nightfall Half Shroud,NFHS,6529.08,5876.18,7182.0,high,Collectable,A-,Low,0.76,1055,ratio_chain,https://gpovalues.com/item/nightfall-half-shroud,https://gpovalues.com/images/Nightfall%20Half%20Shroud.webp?v=3e00b35a,2026-10-06T06:32:22.208273+00:00,128880,nightfall half shroud,Nightfall Half Shroud,NFHS,,A,6.0,Mid Tier,2.0,,,,,,,,False,18.6,True
kaido-set,Kaido Set,KS,6595.3,5606.0,7584.59,medium,,,Stable,1.27,546,ratio_chain,https://gpovalues.com/item/kaido-set,,2026-10-06T06:32:22.208273+00:00,128880,kaido set,,,,,,,,,,,,,,,,,False
odm-rod,ODM Rod,OR,6403.2,5122.56,7683.84,low,Rare,A-,Low,0.4,188,ratio_chain,https://gpovalues.com/item/odm-rod,https://gpovalues.com/images/ODM%20Rod.webp?v=c8052983,2026-10-06T06:32:22.208273+00:00,128880,odm rod,ODM Rod,,,B+,4.0,Low Tier,1.0,,,,,,,,False,12.4,True
inferno-rocket-blade,Inferno Rocket Blade,IRB,6774.58,5758.39,7790.78,medium,Legendary,A-,Low,0.53,924,ratio_chain,https://gpovalues.com/item/inferno-rocket-blade,https://gpovalues.com/images/Inferno%20Rocket%20Blade.webp?v=ec036ae9,2026-10-06T06:32:22.208273+00:00,128880,inferno rocket blade,Inferno Rocket Blade,IRB,,A,6.0,Mid Tier,2.0,,,,,,,,False,18.6,True
blos-crimson-sledgehammer,Blo's Crimson Sledgehammer,BCS,6817.18,5794.6,7839.76,medium,Legendary,A-,High,1.52,212,ratio_chain,https://gpovalues.com/item/blos-crimson-sledgehammer,https://gpovalues.com/images/Blo%27s%20Crimson%20Sledgehammer.webp?v=aa50d95c,2026-10-06T06:32:22.208273+00:00,128880,blo's crimson sledgehammer,Blo's Crimson Sledgehammer,,,B+,4.0,Low Tier,1.0,,,,,,,,False,12.4,True
festival-shield,Festival Shield,FESH,6312.2,5049.76,7574.65,low,Legendary,A-,High,6.75,124,ratio_chain,https://gpovalues.com/item/festival-shield,https://gpovalues.com/images/Festival%20Shield.webp?v=dabec3c4,2026-10-06T06:32:22.208273+00:00,128880,festival shield,,,,,,,,,,,,,,,,,False
demon-jesters-scythe,Demon Jester's Scythe,JSCYTHE,5091.14,4327.47,5854.81,medium,Legendary,B+,Low,0.36,707,ratio_chain,https://gpovalues.com/item/demon-jesters-scythe,https://gpovalues.com/images/Demon%20Jester%27s%20Scythe.webp?v=fd9f4b22,2026-10-06T06:32:22.208273+00:00,128880,demon jester's scythe,Demon Jester's Scythe,JSCYTHE,,B+,4.0,High Tier,3.0,,,,,,,,False,12.4,True
cupids-headband,Cupid's Headband,CH,6848.04,5820.84,7875.25,medium,Rare,B,High,2.75,633,ratio_chain,https://gpovalues.com/item/cupids-headband,https://gpovalues.com/images/Cupid%20Headband.webp?v=c81ba9eb,2026-10-06T06:32:22.208273+00:00,128880,cupid's headband,Cupid's Headband,,,B,3.0,Mid Tier,2.0,,,,,,,,False,9.3,True
tori,Tori,TORI,5970.37,5373.34,6567.42,high,Mythical,A-,High,1.83,5051,ratio_chain,https://gpovalues.com/item/tori,https://gpovalues.com/images/Tori%20Tori%20no%20Mi%2C%20Model%20Phoenix.webp?v=6dcf5cd1,2026-10-06T06:32:22.208273+00:00,128880,tori,,,,,,,,,,,,,,,,,False
pika,Pika,PIKA,4596.09,4136.48,5055.69,high,Legendary,B+,Low,0.47,16257,ratio_chain,https://gpovalues.com/item/pika,https://gpovalues.com/images/Pika%20Pika%20no%20Mi%20%28Glint-Glint%20Fruit%29.webp?v=3d5d0116,2026-10-06T06:32:22.208273+00:00,128880,pika fruit,Pika Fruit,Pika,Devil Fruit,,4.0,Low Tier,1.0,DROP,False,True,Low Demand,1.0,2.0,6.0,True,18.0,True
pteranodon,Pteranodon,PTERO,4764.11,4287.7,5240.52,high,Mythical,A-,Stable,0.92,3833,ratio_chain,https://gpovalues.com/item/pteranodon,https://gpovalues.com/images/Ryu%20Ryu%20no%20Mi%2C%20Model%20Pteranodon.webp?v=05f40b6b,2026-10-06T06:32:22.208273+00:00,128880,pteranodon,,,,,,,,,,,,,,,,,False
big-mama,Big Mama,BM,4822.33,4098.98,5545.67,medium,,,High,1.97,264,ratio_chain,https://gpovalues.com/item/big-mama,,2026-10-06T06:32:22.208273+00:00,128880,big mama,,,,,,,,,,,,,,,,,False
anniversary-lantern,Anniversary Lantern,AL,4776.46,4059.99,5492.93,medium,Rare,A-,High,1.85,288,ratio_chain,https://gpovalues.com/item/anniversary-lantern,https://gpovalues.com/images/Anniversary%20Lantern.webp?v=f4a0c372,2026-10-06T06:32:22.208273+00:00,128880,anniversary lantern,Anniversary Lantern,,,B+,4.0,Low Tier,1.0,,,,,,,,False,12.4,True
kaido-outfit,Kaido Outfit,KO,4068.84,3458.51,4679.17,medium,Legendary,,Low,0.67,580,ratio_chain,https://gpovalues.com/item/kaido-outfit,https://gpovalues.com/images/Kaido%20Outfit.webp?v=404817b7,2026-10-06T06:32:22.208273+00:00,128880,kaido outfit,,,,,,,,,,,,,,,,,False
kaido-gourd,Kaido Gourd,KG,4412.19,3529.75,5294.63,low,Legendary,,High,3.33,130,ratio_chain,https://gpovalues.com/item/kaido-gourd,https://gpovalues.com/images/Kaido%20Gourd.webp?v=349dfdcf,2026-10-06T06:32:22.208273+00:00,128880,kaido gourd,,,,,,,,,,,,,,,,,False
elos-sledgehammer,Elo's Sledgehammer,ES,4824.94,4342.45,5307.44,high,Legendary,A-,Stable,1.43,1205,ratio_chain,https://gpovalues.com/item/elos-sledgehammer,https://gpovalues.com/images/Elo%27s%20Sledgehammer.webp?v=5d04e5e4,2026-10-06T06:32:22.208273+00:00,128880,elo's sledgehammer,Elo's Sledgehammer,,,B+,4.0,Low Tier,1.0,,,,,,,,False,12.4,True
hollows-fang,Hollow's Fang,HFANG,4396.42,3736.96,5055.89,medium,Legendary,B+,Stable,1.3,455,ratio_chain,https://gpovalues.com/item/hollows-fang,https://gpovalues.com/images/Hollow%27s%20Fang.webp?v=f12f9868,2026-10-06T06:32:22.208273+00:00,128880,hollow's fang,Hollow's Fang,HFANG,,B+,4.0,High Tier,3.0,,,,,,,,False,12.4,True
endbringer-armor,Endbringer Armor,EA,4478.38,3806.61,5150.14,medium,Legendary,B+,Low,0.67,830,ratio_chain,https://gpovalues.com/item/endbringer-armor,https://gpovalues.com/images/Endbringer%20Armor.webp?v=d2fb4905,2026-10-06T06:32:22.208273+00:00,128880,endbringer armor,Endbringer Armor,,,A-,5.0,Mid Tier,2.0,,,,,,,,False,15.5,True
rogers-ace,Roger's Ace,ACE,3377.69,3039.93,3715.46,high,Mythical,B+,Low,0.39,2984,ratio_chain,https://gpovalues.com/item/rogers-ace,https://gpovalues.com/images/Roger%27s%20Ace.webp?v=6bfa980f,2026-10-06T06:32:22.208273+00:00,128880,roger's ace,Roger's Ace,Ace,Mythical Weapon,A-,5.0,Mid Tier,2.0,DROP,False,False,Stable Demand,2.0,7.0,6.0,True,27.0,True
fishing-rod,Fishing Rod,FR,4220.76,3587.64,4853.87,medium,Rare,,Stable,0.98,418,ratio_chain,https://gpovalues.com/item/fishing-rod,https://gpovalues.com/images/Fishing%20Rod.webp?v=e752abd1,2026-10-06T06:32:22.208273+00:00,128880,fishing rod,,,,,,,,,,,,,,,,,False
big-mamas-outfit,Big Mama's Outfit,BMO,4555.71,3872.35,5239.07,medium,Legendary,,High,1.58,834,ratio_chain,https://gpovalues.com/item/big-mamas-outfit,https://gpovalues.com/images/Big%20Mama%27s%20Outfit%20%28Male%29.webp?v=b20d9a59,2026-10-06T06:32:22.208273+00:00,128880,big mama's outfit,Big Mama's Outfit,Male,,A-,5.0,Low Tier,1.0,,,,,,,,False,15.5,True
kaido-cape,Kaido Cape,KC,5059.4,4553.46,5565.35,high,Legendary,,High,3.06,1039,ratio_chain,https://gpovalues.com/item/kaido-cape,https://gpovalues.com/images/Kaido%20Cape.webp?v=1666577d,2026-10-06T06:32:22.208273+00:00,128880,kaido cape,,,,,,,,,,,,,,,,,False
bat-swarm,Bat Swarm,BS,4552.43,4097.19,5007.67,high,Legendary,B+,High,1.78,1701,ratio_chain,https://gpovalues.com/item/bat-swarm,https://gpovalues.com/images/Bat%20Swarm.webp?v=793da936,2026-10-06T06:32:22.208273+00:00,128880,bat swarm,Bat Swarm,,,A-,5.0,Mid Tier,2.0,,,,,,,,False,15.5,True
kaido,Kaido,KAIDO,4551.47,3868.74,5234.19,medium,,NEW,High,1.74,493,ratio_chain,https://gpovalues.com/item/kaido,,2026-10-06T06:32:22.208273+00:00,128880,kaido,,,,,,,,,,,,,,,,,False
true-baals-guard,True Ba'al's Guard,TBG,4113.39,3702.06,4524.73,high,Legendary,B+,Low,0.38,1243,ratio_chain,https://gpovalues.com/item/true-baals-guard,https://gpovalues.com/images/True%20Ba%27al%27s%20Guard.webp?v=0fca3946,2026-10-06T06:32:22.208273+00:00,128880,true ba'al's guard,True Ba'al's Guard,TBG,,A-,5.0,High Tier,3.0,,,,,,,,False,15.5,True
snoozy-neko,Snoozy Neko,SN,4452.13,4006.93,4897.36,high,Mythical,A-,Low,0.51,1356,ratio_chain,https://gpovalues.com/item/snoozy-neko,https://gpovalues.com/images/Snoozy%20Neko.webp?v=18f30a0b,2026-10-06T06:32:22.208273+00:00,128880,snoozy neko,Snoozy Neko,,,B+,4.0,Low Tier,1.0,,,,,,,,False,12.4,True
dark-skeletal-shark-mask,Dark Skeletal Shark Mask,DSSM,4113.39,3702.06,4524.73,high,Legendary,A-,Low,0.19,4202,ratio_chain,https://gpovalues.com/item/dark-skeletal-shark-mask,https://gpovalues.com/images/Dark%20Skeletal%20Shark%20Mask.webp?v=60fe4bb5,2026-10-06T06:32:22.208273+00:00,128880,dark skeletal shark mask,Dark Skeletal Shark Mask,,,A,6.0,Low Tier,1.0,,,,,,,,False,18.6,True
big-mamas-cape,Big Mama's Cape,BMC,3998.62,3398.84,4598.42,medium,Legendary,B+,Stable,1.48,546,ratio_chain,https://gpovalues.com/item/big-mamas-cape,https://gpovalues.com/images/Big%20Mama%27s%20Cape.webp?v=fb1f2db3,2026-10-06T06:32:22.208273+00:00,128880,big mama's cape,Big Mama's Cape,,,A-,5.0,Low Tier,1.0,,,,,,,,False,15.5,True
katakuri,Katakuri,KATAKURI,3373.9,3036.52,3711.29,high,,,High,1.72,1277,ratio_chain,https://gpovalues.com/item/katakuri,,2026-10-06T06:32:22.208273+00:00,128880,katakuri,,,,,,,,,,,,,,,,,False
cupids-chakram,Cupid's Chakram,CHAK,2547.58,2165.43,2929.71,medium,Legendary,B+,Low,0.42,947,ratio_chain,https://gpovalues.com/item/cupids-chakram,https://gpovalues.com/images/Cupid%27s%20Chakram.webp?v=75cf86dc,2026-10-06T06:32:22.208273+00:00,128880,cupid's chakram,Cupid's Chakram,,,A-,5.0,Low Tier,1.0,,,,,,,,False,15.5,True
tung-sahur-costume,Tung Sahur Costume,TSC,2418.74,2176.87,2660.62,high,,NEW,Low,0.21,2172,ratio_chain,https://gpovalues.com/item/tung-sahur-costume,https://gpovalues.com/images/Tung%20Sahur%20Costume.webp?v=00b0fb32,2026-10-06T06:32:22.208273+00:00,128880,tung sahur costume,,,,,,,,,,,,,,,,,False
sea-serpents-core-kraken-core,Sea Serpent's Core & Kraken Core,SSCKC,2600.1,2210.09,2990.12,medium,Legendary,B,Low,0.63,375,ratio_chain,https://gpovalues.com/item/sea-serpents-core-kraken-core,https://gpovalues.com/images/Sea%20Serpent%27s%20Core.webp?v=71b5abc9,2026-10-06T06:32:22.208273+00:00,128880,sea serpent's core & kraken core,Sea Serpent's Core & Kraken Core,,,B+,4.0,Mid Tier,2.0,,,,,,,,False,12.4,True
ope,Ope,OPE,2615.02,2353.52,2876.52,high,Mythical,B+,Low,0.22,3733,ratio_chain,https://gpovalues.com/item/ope,https://gpovalues.com/images/Ope%20Ope%20no%20Mi%20%28Op-Op%20Fruit%29.webp?v=6ca418ff,2026-10-06T06:32:22.208273+00:00,128880,ope,,,,,,,,,,,,,,,,,False
buddha,Buddha,BUDDHA,2298.92,2069.03,2528.81,high,Mythical,B+,Low,0.28,3590,ratio_chain,https://gpovalues.com/item/buddha,https://gpovalues.com/images/Hito%20Hito%20no%20Mi%2C%20Model%20Daibutsu.webp?v=20355743,2026-10-06T06:32:22.208273+00:00,128880,buddha,,,,,,,,,,,,,,,,,False
swordfish-rapier,Swordfish Rapier,SR,2230.08,1784.06,2676.09,low,Legendary,B,Low,0.8,148,ratio_chain,https://gpovalues.com/item/swordfish-rapier,https://gpovalues.com/images/Swordfish%20Rapier.webp?v=5c31e85c,2026-10-06T06:32:22.208273+00:00,128880,swordfish rapier,Swordfish Rapier,,,B,3.0,Mid Tier,2.0,,,,,,,,False,9.3,True
sunken-any,Sunken (any),SUNKEN,1878.7,1596.89,2160.5,medium,Legendary,,Low,0.02,223,ratio_chain,https://gpovalues.com/item/sunken-any,https://gpovalues.com/images/Sunken%20Armor%20Helmet.webp?v=2e3d3462,2026-10-06T06:32:22.208273+00:00,128880,sunken (any),,,,,,,,,,,,,,,,,False
legendary-fruit-chest,Legendary Fruit Chest,LC,2287.07,2058.37,2515.79,high,Legendary,B+,Low,0.68,18408,ratio_chain,https://gpovalues.com/item/legendary-fruit-chest,https://gpovalues.com/images/Legendary%20Fruit%20Chest.webp?v=ab294060,2026-10-06T06:32:22.208273+00:00,128880,legendary fruit chest,Legendary Fruit Chest,LC,,B,3.0,High Tier,3.0,,,,,,,,False,9.3,True
hoverboard,Hoverboard,HOVERBOARD,1813.39,1632.05,1994.73,high,Legendary,,Low,0.19,1004,ratio_chain,https://gpovalues.com/item/hoverboard,https://gpovalues.com/images/Hoverboard.webp?v=168b5475,2026-10-06T06:32:22.208273+00:00,128880,hoverboard,,,,,,,,,,,,,,,,,False
mera-mera,Mera Mera,MERA,1486.12,1337.51,1634.74,high,Legendary,B+,Low,0.49,2049,ratio_chain,https://gpovalues.com/item/mera-mera,https://gpovalues.com/images/Mera-Mera%20no%20Mi%20%28Flame-Flame%20Fruit%29.webp?v=7c0fc3ec,2026-10-06T06:32:22.208273+00:00,128880,mera mera,,,,,,,,,,,,,,,,,False
biscuit,Biscuit,BISC,1433.31,1289.98,1576.64,high,Legendary,B+,Low,0.14,1393,ratio_chain,https://gpovalues.com/item/biscuit,https://gpovalues.com/images/Biscuit.webp?v=d51a0193,2026-10-06T06:32:22.208273+00:00,128880,biscuit,,,,,,,,,,,,,,,,,False
iceborn-rapier,Iceborn Rapier,IR,1665.83,1332.67,1999.0,low,Legendary,B,Low,0.64,180,ratio_chain,https://gpovalues.com/item/iceborn-rapier,https://gpovalues.com/images/Iceborn%20Rapier.webp?v=fd4033ce,2026-10-06T06:32:22.208273+00:00,128880,iceborn rapier,Iceborn Rapier,,,B,3.0,Low Tier,1.0,,,,,,,,False,9.3,True
planetary-devastation-weapon,Planetary Devastation (weapon),PD,1665.83,1166.08,2165.58,low,Collectable,,Low,0.5,33,ratio_chain,https://gpovalues.com/item/planetary-devastation-weapon,https://gpovalues.com/images/Planetary%20Devastation%20%28weapon%29.webp?v=992029ae,2026-10-06T06:32:22.208273+00:00,128880,planetary devastation (weapon),,,,,,,,,,,,,,,,,False
magu,Magu,MAGU,1390.78,1251.69,1529.86,high,Legendary,B+,Low,0.29,4574,ratio_chain,https://gpovalues.com/item/magu,https://gpovalues.com/images/Magu%20Magu%20no%20Mi%20%28Magma-Magma%20Fruit%29.webp?v=aa2a6208,2026-10-06T06:32:22.208273+00:00,128880,magu,,,,,,,,,,,,,,,,,False
gura,Gura,GURA,1575.82,1418.25,1733.41,high,Legendary,B+,Low,0.76,1999,ratio_chain,https://gpovalues.com/item/gura,https://gpovalues.com/images/Gura%20Gura%20no%20Mi%20%28Tremor-Tremor%20Fruit%29.webp?v=33708072,2026-10-06T06:32:22.208273+00:00,128880,gura,,,,,,,,,,,,,,,,,False
hie,Hie,HIE,1053.92,948.53,1159.31,high,Legendary,B,Stable,0.96,1658,ratio_chain,https://gpovalues.com/item/hie,https://gpovalues.com/images/Hie%20Hie%20no%20Mi%20%28Ice-Ice%20Fruit%29.webp?v=cb82ba9e,2026-10-06T06:32:22.208273+00:00,128880,hie,,,,,,,,,,,,,,,,,False
kraken-blade,Kraken Blade,KB,1209.82,1028.35,1391.29,medium,Collectable,,High,2.95,245,ratio_chain,https://gpovalues.com/item/kraken-blade,https://gpovalues.com/images/Kraken%20Blade%20%28Gold%29.webp?v=42768890,2026-10-06T06:32:22.208273+00:00,128880,kraken blade,Kraken Blade,Azure,,B+,4.0,High Tier,3.0,,,,,,,,False,12.4,True
kraken-blade,Kraken Blade,KB,1209.82,1028.35,1391.29,medium,Collectable,,High,2.95,245,ratio_chain,https://gpovalues.com/item/kraken-blade,https://gpovalues.com/images/Kraken%20Blade%20%28Gold%29.webp?v=42768890,2026-10-06T06:32:22.208273+00:00,128880,kraken blade,Kraken Blade,Blue,,B-,2.0,Low Tier,1.0,,,,,,,,False,6.2,True
kage,Kage,KAGE,803.69,683.14,924.24,medium,Legendary,B-,Low,0.44,880,ratio_chain,https://gpovalues.com/item/kage,https://gpovalues.com/images/Kage%20Kage%20no%20Mi%20%28Shadow-Shadow%20Fruit%29.webp?v=dca89b4a,2026-10-06T06:32:22.208273+00:00,128880,kage,,,,,,,,,,,,,,,,,False
spare-fruit-bag,Spare Fruit Bag,SFB,819.78,696.81,942.74,medium,Rare,B+,Low,0.54,807,ratio_chain,https://gpovalues.com/item/spare-fruit-bag,https://gpovalues.com/images/Spare%20Fruit%20Bag.webp?v=f48cae3f,2026-10-06T06:32:22.208273+00:00,128880,spare fruit bag,,,,,,,,,,,,,,,,,False
goro,Goro,GORO,854.53,769.08,939.98,high,Legendary,B+,Stable,1.09,2037,ratio_chain,https://gpovalues.com/item/goro,https://gpovalues.com/images/Goro%20Goro%20no%20Mi%20%28Rumble-Rumble%20Fruit%29.webp?v=edd27678,2026-10-06T06:32:22.208273+00:00,128880,goro,,,,,,,,,,,,,,,,,False
zushi,Zushi,ZUSHI,880.17,792.15,968.18,high,Legendary,B,Stable,1.43,1395,ratio_chain,https://gpovalues.com/item/zushi,https://gpovalues.com/images/Zushi%20Zushi%20no%20Mi.webp?v=4fe796e9,2026-10-06T06:32:22.208273+00:00,128880,zushi,,,,,,,,,,,,,,,,,False
suna,Suna,SUNA,726.35,653.72,798.98,high,Legendary,B+,Low,0.26,1417,ratio_chain,https://gpovalues.com/item/suna,https://gpovalues.com/images/Suna%20Suna%20no%20Mi%20%28Sand-Sand%20Fruit%29.webp?v=a9381f36,2026-10-06T06:32:22.208273+00:00,128880,suna,,,,,,,,,,,,,,,,,False
ito,Ito,ITO,880.17,792.15,968.18,high,Legendary,B+,Stable,1.26,1420,ratio_chain,https://gpovalues.com/item/ito,https://gpovalues.com/images/Ito%20Ito%20no%20Mi%20%28String-String%29.webp?v=75b04aa8,2026-10-06T06:32:22.208273+00:00,128880,ito,,,,,,,,,,,,,,,,,False
goru,Goru,GORU,655.89,590.31,721.48,high,Legendary,B,Stable,1.22,1207,ratio_chain,https://gpovalues.com/item/goru,https://gpovalues.com/images/Goru%20Goru%20no%20Mi%20%28Gold-Gold%20Fruit%29.webp?v=9f0009ee,2026-10-06T06:32:22.208273+00:00,128880,goru,,,,,,,,,,,,,,,,,False
yami,Yami,YAMI,483.75,411.19,556.31,medium,Legendary,B-,Low,0.24,902,ratio_chain,https://gpovalues.com/item/yami,https://gpovalues.com/images/Yami%20Yami%20no%20Mi%20%28Dark-Dark%20Fruit%29.webp?v=f435914d,2026-10-06T06:32:22.208273+00:00,128880,yami,,,,,,,,,,,,,,,,,False
yuki,Yuki,YUKI,474.55,403.37,545.73,medium,Legendary,B-,Low,0.17,865,ratio_chain,https://gpovalues.com/item/yuki,https://gpovalues.com/images/Yuki%20Yuki%20no%20Mi%20%28Snow-Snow%20Fruit%29.webp?v=d8cfc438,2026-10-06T06:32:22.208273+00:00,128880,yuki,,,,,,,,,,,,,,,,,False
smoke,Smoke,SMOKE,362.63,308.24,417.03,medium,Legendary,B-,Low,0.17,700,ratio_chain,https://gpovalues.com/item/smoke,https://gpovalues.com/images/Moku%20Moku%20no%20Mi%20%28Smoke-Smoke%20Fruit%29.webp?v=afab8624,2026-10-06T06:32:22.208273+00:00,128880,smoke,,,,,,,,,,,,,,,,,False
rare-fruit-chest,Rare Fruit Chest,RFC,1186.05,830.23,1541.87,high,Rare,,Stable,1.01,1974,1to1_alignment,https://gpovalues.com/item/rare-fruit-chest,https://gpovalues.com/images/Rare%20Fruit%20Chest.webp?v=86a70ffa,2026-10-06T06:32:22.208273+00:00,128880,rare fruit chest,,,,,,,,,,,,,,,,,False
sp-reset-essence,SP Reset Essence,SPR,126.72,101.38,152.07,low,Common,F,Low,0.87,71,ratio_chain,https://gpovalues.com/item/sp-reset-essence,https://gpovalues.com/images/SP%20Reset%20Essence.webp?v=cd499bf0,2026-10-06T06:32:22.208273+00:00,128880,sp reset essence,SP Reset Essence,,,F,1.0,,,,,,,,,,False,3.1,True
special-tailor-token,Special Tailor Token,STT,120.67,108.61,132.73,high,Collectable,B-,Low,0.58,2910,ratio_chain,https://gpovalues.com/item/special-tailor-token,https://gpovalues.com/images/Special%20Tailor%20Token.webp?v=5757c281,2026-10-06T06:32:22.208273+00:00,128880,special tailor token,,,,,,,,,,,,,,,,,False
fish-bait,Fish Bait,FB,35.16,31.65,38.67,high,,,High,1.56,2159,ratio_chain,https://gpovalues.com/item/fish-bait,https://gpovalues.com/images/Fish%20Bait.webp?v=c876cd18,2026-10-06T06:32:22.208273+00:00,128880,fish bait,,,,,,,,,,,,,,,,,False
legendary-fish-bait,Legendary Fish Bait,LFB,28.02,25.22,30.82,high,Rare,,Stable,1.06,6018,ratio_chain,https://gpovalues.com/item/legendary-fish-bait,https://gpovalues.com/images/Legendary%20Fish%20Bait.webp?v=c69b296e,2026-10-06T06:32:22.208273+00:00,128880,legendary fish bait,,,,,,,,,,,,,,,,,False
bounty-per-unit,Bounty (per unit),BOUNTY,0.0384199395108844,0.0192099697554422,0.0576299092663266,high,,A+,,,2053,,https://gpovalues.com/,,2026-10-06T06:32:22.208273+00:00,128880,2m bounty,2M Bounty,Bounty,Currency / Service,,7.0,High Tier,3.0,GAMEPLAY,False,True,Low Demand,1.0,7.0,1.0,True,24.0,True
