slug,name,shortcut,value,ci_low,ci_high,confidence,rarity,tier,demand,demand_ratio,trade_count,derivation,share_url,image_url,generated_at,n_trades_used,join_key
prestige-cupids-chakram,Prestige Cupid's Chakram,PCHAK,4164730.55,3540020.99,4789440.14,medium,Collectable,SS,Stable,1.11,253,ratio_chain,https://gpovalues.com/item/prestige-cupids-chakram,https://gpovalues.com/images/Prestige%20Cupid%27s%20Chakram.webp?v=3cc08c66,2026-10-02T06:32:58.551982+00:00,120811,prestige cupid's chakram
prestige-candy-cane,Prestige Candy Cane,PCC,3000000.0,2700000.0,3300000.0,medium,Collectable,SS,Stable,1.03,883,community_anchor,https://gpovalues.com/item/prestige-candy-cane,https://gpovalues.com/images/Prestige%20Candy%20Cane.webp?v=fbc35b7c,2026-10-02T06:32:58.551982+00:00,120811,prestige candy cane
prestige-maid-outfit,Prestige Maid Outfit,PMO,2447803.74,1713462.61,3182144.85,medium,,,Low,0.81,422,1to1_alignment,https://gpovalues.com/item/prestige-maid-outfit,,2026-10-02T06:32:58.551982+00:00,120811,prestige maid outfit
prestige-world-ender,Prestige World Ender,PWE,2035360.67,1424752.47,2645968.87,medium,Collectable,SS,High,1.69,741,1to1_alignment,https://gpovalues.com/item/prestige-world-ender,https://gpovalues.com/images/Prestige%20World%20Ender.webp?v=2db200e6,2026-10-02T06:32:58.551982+00:00,120811,prestige world ender
prestige-firework-lancer,Prestige Firework Lancer,PFL,856099.64,770489.68,941709.61,high,Collectable,SS,Low,0.62,1092,ratio_chain,https://gpovalues.com/item/prestige-firework-lancer,https://gpovalues.com/images/Prestige%20Firework%20Lancer.webp?v=5395483d,2026-10-02T06:32:58.551982+00:00,120811,prestige firework lancer
prestige-inferno-rocket-blade,Prestige Inferno Rocket Blade,PIRB,759131.74,645261.97,873001.5,medium,Collectable,SS,Low,0.83,774,ratio_chain,https://gpovalues.com/item/prestige-inferno-rocket-blade,https://gpovalues.com/images/Prestige%20Inferno%20Rocket%20Blade.webp?v=533d1d27,2026-10-02T06:32:58.551982+00:00,120811,prestige inferno rocket blade
iceborn-candy-cane,Iceborn Candy Cane,ICC,631862.29,568676.06,695048.52,high,Collectable,S,High,1.85,2349,ratio_chain,https://gpovalues.com/item/iceborn-candy-cane,https://gpovalues.com/images/Iceborn%20Candy%20Cane.webp?v=9f40df54,2026-10-02T06:32:58.551982+00:00,120811,iceborn candy cane
anomalized-mega-pow,Anomalized Mega-Pow,AMP,456431.72,387966.97,524896.48,medium,Collectable,S,Stable,1.02,351,ratio_chain,https://gpovalues.com/item/anomalized-mega-pow,https://gpovalues.com/images/Anomalized%20Mega-Pow.webp?v=88233787,2026-10-02T06:32:58.551982+00:00,120811,anomalized mega-pow
prestige-fruitbag,Prestige Fruitbag,PBAG,406917.06,366225.35,447608.77,high,Legendary,S,Stable,1.02,2602,ratio_chain,https://gpovalues.com/item/prestige-fruitbag,https://gpovalues.com/images/Prestige%20Fruitbag.webp?v=cbb00f02,2026-10-02T06:32:58.551982+00:00,120811,prestige fruitbag
emerald-valkyrie,Emerald Valkyrie,EV,370907.84,296726.27,445089.41,low,Legendary,VERY_UNSTABLE,Low,0.03,147,ratio_chain,https://gpovalues.com/item/emerald-valkyrie,https://gpovalues.com/images/Emerald%20Valkyrie.webp?v=798415c3,2026-10-02T06:32:58.551982+00:00,120811,emerald valkyrie
chromatic-all-seeing-eye,Chromatic All Seeing Eye,CASE,357125.43,321412.88,392837.96,high,Mythical,S,Low,0.89,1521,ratio_chain,https://gpovalues.com/item/chromatic-all-seeing-eye,https://gpovalues.com/images/Chromatic%20All%20Seeing%20Eye.webp?v=d4679684,2026-10-02T06:32:58.551982+00:00,120811,chromatic all seeing eye
candy-cane,Candy Cane,CC,316056.08,284450.47,347661.69,high,Legendary,S,Stable,1.39,3667,ratio_chain,https://gpovalues.com/item/candy-cane,https://gpovalues.com/images/Candy%20Cane.webp?v=b7793557,2026-10-02T06:32:58.551982+00:00,120811,candy cane
prestige-firework-daggers,Prestige Firework Daggers,PFD,307283.39,261190.87,353375.89,medium,Collectable,S,Low,0.6,659,ratio_chain,https://gpovalues.com/item/prestige-firework-daggers,https://gpovalues.com/images/Prestige%20Firework%20Daggers.webp?v=9f55382b,2026-10-02T06:32:58.551982+00:00,120811,prestige firework daggers
leos-inferno-hagoromo,Leo's Inferno Hagoromo,LIH,213387.18,192048.46,234725.9,high,Collectable,S,High,2.17,4792,ratio_chain,https://gpovalues.com/item/leos-inferno-hagoromo,https://gpovalues.com/images/Leo%27s%20Inferno%20Hagoromo.webp?v=1954af42,2026-10-02T06:32:58.551982+00:00,120811,leo's inferno hagoromo
all-seeing-shamrock,All Seeing Shamrock,SASE,200356.44,180320.8,220392.08,high,Mythical,S,Stable,1.22,2831,ratio_chain,https://gpovalues.com/item/all-seeing-shamrock,https://gpovalues.com/images/All%20Seeing%20Shamrock.webp?v=853fb850,2026-10-02T06:32:58.551982+00:00,120811,all seeing shamrock
dominus-ultimus,Dominus Ultimus,DU,178003.31,151302.82,204703.82,medium,Collectable,S,Low,0.16,555,ratio_chain,https://gpovalues.com/item/dominus-ultimus,https://gpovalues.com/images/Dominus%20Ultimus.webp?v=5a306dc7,2026-10-02T06:32:58.551982+00:00,120811,dominus ultimus
prestige-firework-rocket-launcher,Prestige Firework Rocket Launcher,PFRL,170317.45,144769.83,195865.07,medium,Collectable,S,Low,0.36,354,ratio_chain,https://gpovalues.com/item/prestige-firework-rocket-launcher,https://gpovalues.com/images/Prestige%20Firework%20Rocket%20Launcher.webp?v=738440af,2026-10-02T06:32:58.551982+00:00,120811,prestige firework rocket launcher
jesters-outfit,Jester's Outfit,JFIT,149542.34,134588.11,164496.57,high,Collectable,S,Low,0.72,2607,ratio_chain,https://gpovalues.com/item/jesters-outfit,https://gpovalues.com/images/Jester%27s%20Outfit.webp?v=695fdaec,2026-10-02T06:32:58.551982+00:00,120811,jester's outfit
titan-shifters-aura,Titan Shifter's Aura,TSA,130403.41,117363.07,143443.75,high,Collectable,S,High,1.64,3410,ratio_chain,https://gpovalues.com/item/titan-shifters-aura,https://gpovalues.com/images/Titan%20Shifter%27s%20Aura.webp?v=babf3c3b,2026-10-02T06:32:58.551982+00:00,120811,titan shifter's aura
blessed-exalted-cupid-queens-wings,Blessed Exalted Cupid Queen's Wings,BWINGS,106961.83,90917.55,123006.1,medium,Collectable,S,Low,0.66,866,ratio_chain,https://gpovalues.com/item/blessed-exalted-cupid-queens-wings,https://gpovalues.com/images/Blessed%20Exalted%20Cupid%20Queen%27s%20Wings.webp?v=2d7d4b54,2026-10-02T06:32:58.551982+00:00,120811,blessed exalted cupid queen's wings
blackvalk,Blackvalk,BLV,99437.33,84521.72,114352.92,medium,Legendary,VERY_UNSTABLE,Low,0.49,218,ratio_chain,https://gpovalues.com/item/blackvalk,https://gpovalues.com/images/Blackvalk.webp?v=0e99c020,2026-10-02T06:32:58.551982+00:00,120811,blackvalk
violet-valkyrie,Violet Valkyrie,VV,100000.0,70000.0,130000.0,low,Legendary,VERY_UNSTABLE,High,2.0,33,ratio_chain,https://gpovalues.com/item/violet-valkyrie,https://gpovalues.com/images/Violet%20Valkyrie.webp?v=30f4375f,2026-10-02T06:32:58.551982+00:00,120811,violet valkyrie
all-seeing-egg,All Seeing Egg,BLOASE,96671.62,87004.45,106338.77,high,Mythical,S,Low,0.6,2581,ratio_chain,https://gpovalues.com/item/all-seeing-egg,https://gpovalues.com/images/All%20Seeing%20Egg.webp?v=945da3ed,2026-10-02T06:32:58.551982+00:00,120811,all seeing egg
all-seeing-blossom,All Seeing Blossom,BLASE,90194.59,81175.13,99214.05,high,Mythical,S,Low,0.81,9335,ratio_chain,https://gpovalues.com/item/all-seeing-blossom,https://gpovalues.com/images/All%20Seeing%20Blossom.webp?v=e8056638,2026-10-02T06:32:58.551982+00:00,120811,all seeing blossom
all-seeing-baal,All Seeing Ba'al,BASE,78947.35,71052.61,86842.08,high,Mythical,S,Low,0.51,4033,ratio_chain,https://gpovalues.com/item/all-seeing-baal,https://gpovalues.com/images/All%20Seeing%20Ba%27al.webp?v=23cb797f,2026-10-02T06:32:58.551982+00:00,120811,all seeing ba'al
all-seeing-holly,All Seeing Holly,HASE,70822.65,63740.38,77904.91,high,Mythical,S,Low,0.48,4324,ratio_chain,https://gpovalues.com/item/all-seeing-holly,https://gpovalues.com/images/All%20Seeing%20Holly.webp?v=7c34b07d,2026-10-02T06:32:58.551982+00:00,120811,all seeing holly
cupids-all-seeing-eye,Cupid's All Seeing Eye,CQASE,79290.81,71361.73,87219.9,high,Mythical,A+,Low,0.86,2945,ratio_chain,https://gpovalues.com/item/cupids-all-seeing-eye,https://gpovalues.com/images/Cupid%27s%20All%20Seeing%20Eye.webp?v=fb3c6e1c,2026-10-02T06:32:58.551982+00:00,120811,cupid's all seeing eye
ice-valkyrie,Ice Valkyrie,IV,70000.0,56000.0,84000.0,low,Legendary,VERY_UNSTABLE,Low,0.42,161,ratio_chain,https://gpovalues.com/item/ice-valkyrie,https://gpovalues.com/images/Ice%20Valkyrie.webp?v=f1c89ec2,2026-10-02T06:32:58.551982+00:00,120811,ice valkyrie
soul-kings-scarf,Soul King's Scarf,SKS,74919.82,67427.83,82411.8,high,Collectable,A+,Stable,0.9,3126,ratio_chain,https://gpovalues.com/item/soul-kings-scarf,https://gpovalues.com/images/Soul%20King%27s%20Scarf.webp?v=2b4417b2,2026-10-02T06:32:58.551982+00:00,120811,soul king's scarf
all-seeing-eye,All Seeing Eye,ASE,72289.25,65060.33,79518.19,high,Mythical,A+,High,3.69,10845,ratio_chain,https://gpovalues.com/item/all-seeing-eye,https://gpovalues.com/images/All%20Seeing%20Eye.webp?v=a2c488c2,2026-10-02T06:32:58.551982+00:00,120811,all seeing eye
yukio-the-bunny,Yukio The Bunny,YB,65479.82,58931.83,72027.8,high,Legendary,A+,Low,0.87,1795,ratio_chain,https://gpovalues.com/item/yukio-the-bunny,https://gpovalues.com/images/Yukio%20The%20Bunny.webp?v=c50a3644,2026-10-02T06:32:58.551982+00:00,120811,yukio the bunny
troll-face,Troll Face,TF,46676.64,39675.14,53678.13,medium,Epic,A+,Low,0.6,415,ratio_chain,https://gpovalues.com/item/troll-face,https://gpovalues.com/images/Troll%20Face.webp?v=adffb916,2026-10-02T06:32:58.551982+00:00,120811,troll face
bunyo-the-bunny,Bunyo The Bunny,BB,45537.42,40983.68,50091.16,high,Legendary,A+,Stable,1.07,2242,ratio_chain,https://gpovalues.com/item/bunyo-the-bunny,,2026-10-02T06:32:58.551982+00:00,120811,bunyo the bunny
world-ender,World Ender,WE,45068.99,40562.09,49575.89,high,Legendary,A+,Stable,1.3,4062,ratio_chain,https://gpovalues.com/item/world-ender,https://gpovalues.com/images/World%20Ender.webp?v=5e239cea,2026-10-02T06:32:58.551982+00:00,120811,world ender
flower-bouquet,Flower Bouquet,FB,40194.49,36175.04,44213.94,high,Legendary,A+,Low,0.89,2114,ratio_chain,https://gpovalues.com/item/flower-bouquet,https://gpovalues.com/images/Flower%20Bouquet.webp?v=72561b7b,2026-10-02T06:32:58.551982+00:00,120811,flower bouquet
mega-pow,Mega-Pow,MP,34850.89,31365.8,38335.98,high,Legendary,A+,Stable,1.01,6542,ratio_chain,https://gpovalues.com/item/mega-pow,https://gpovalues.com/images/Mega-Pow.webp?v=83a5fbaa,2026-10-02T06:32:58.551982+00:00,120811,mega-pow
snowcap-scepter,Snowcap Scepter,SCEP,25502.55,21677.17,29327.93,medium,Legendary,A+,Stable,0.93,379,ratio_chain,https://gpovalues.com/item/snowcap-scepter,https://gpovalues.com/images/Snowcap%20Scepter.webp?v=f1aa6c75,2026-10-02T06:32:58.551982+00:00,120811,snowcap scepter
tung-tung-thunder-club,Tung Tung Thunder Club,TTC,30000.0,24000.0,36000.0,low,,NEW,Low,0.6,56,ratio_chain,https://gpovalues.com/item/tung-tung-thunder-club,,2026-10-02T06:32:58.551982+00:00,120811,tung tung thunder club
dragon,Dragon,DRAGON,28678.94,25811.04,31546.83,high,Mythical,A+,Low,0.72,7136,ratio_chain,https://gpovalues.com/item/dragon,https://gpovalues.com/images/Dragon.webp?v=7a530f80,2026-10-02T06:32:58.551982+00:00,120811,dragon
blessed-cupid-queens-scarf,Blessed Cupid Queen's Scarf,BSCARF,26216.67,22284.17,30149.17,medium,Collectable,A+,Low,0.52,373,ratio_chain,https://gpovalues.com/item/blessed-cupid-queens-scarf,https://gpovalues.com/images/Blessed%20Cupid%20Queen%27s%20Scarf.webp?v=f6f5682f,2026-10-02T06:32:58.551982+00:00,120811,blessed cupid queen's scarf
inverted-spear-of-heaven,Inverted Spear Of Heaven,ISOH,24648.99,20951.65,28346.34,medium,Legendary,A+,Low,0.65,425,ratio_chain,https://gpovalues.com/item/inverted-spear-of-heaven,https://gpovalues.com/images/Inverted%20Spear%20Of%20Heaven.webp?v=cb85bf4a,2026-10-02T06:32:58.551982+00:00,120811,inverted spear of heaven
soul-cleaver,Soul Cleaver,NAPO,25898.21,23308.39,28488.03,high,Mythical,A+,Low,0.86,2410,ratio_chain,https://gpovalues.com/item/soul-cleaver,https://gpovalues.com/images/Soul%20Cleaver.webp?v=ad8b4592,2026-10-02T06:32:58.551982+00:00,120811,soul cleaver
blessed-cupids-bow,Blessed Cupid's Bow,BBOW,23847.33,20270.23,27424.43,medium,Collectable,A,Low,0.9,218,ratio_chain,https://gpovalues.com/item/blessed-cupids-bow,https://gpovalues.com/images/Blessed%20Cupid%27s%20Bow.webp?v=c4338cee,2026-10-02T06:32:58.551982+00:00,120811,blessed cupid's bow
devil-fruit-rod,Devil Fruit Rod,DFR,21290.21,19161.19,23419.24,high,Mythical,A+,Low,0.41,9137,ratio_chain,https://gpovalues.com/item/devil-fruit-rod,https://gpovalues.com/images/Devil%20Fruit%20Rod.webp?v=4d9b3bfc,2026-10-02T06:32:58.551982+00:00,120811,devil fruit rod
hollows-world-ender,Hollow's World Ender,HWE,18231.64,16408.47,20054.81,high,Collectable,A,Low,0.49,4218,ratio_chain,https://gpovalues.com/item/hollows-world-ender,https://gpovalues.com/images/Hollow%27s%20World%20Ender.webp?v=e9b538e4,2026-10-02T06:32:58.551982+00:00,120811,hollow's world ender
blessed-exalted-cupid-queen-outfit,Blessed Exalted Cupid Queen Outfit,BQFIT,20000.0,16000.0,24000.0,low,Collectable,A,Stable,1.25,119,ratio_chain,https://gpovalues.com/item/blessed-exalted-cupid-queen-outfit,https://gpovalues.com/images/Blessed%20Exalted%20Cupid%20Queen%20Outfit.webp?v=cc1a06fa,2026-10-02T06:32:58.551982+00:00,120811,blessed exalted cupid queen outfit
coyote-outfit,Coyote Outfit,CO,19301.95,17371.75,21232.14,high,Legendary,A,Stable,0.9,1015,ratio_chain,https://gpovalues.com/item/coyote-outfit,https://gpovalues.com/images/Coyote%20Outfit.webp?v=adddb7af,2026-10-02T06:32:58.551982+00:00,120811,coyote outfit
toji-event-item,Toji (event item),TOJI,21380.13,19242.12,23518.14,high,Legendary,,Low,0.8,2134,ratio_chain,https://gpovalues.com/item/toji-event-item,https://gpovalues.com/images/Inverted%20Spear%20Of%20Heaven.webp?v=cb85bf4a,2026-10-02T06:32:58.551982+00:00,120811,toji (event item)
nightfall-shroud,Nightfall Shroud,NFS,16993.32,15293.98,18692.64,high,Collectable,A,Stable,1.28,2969,ratio_chain,https://gpovalues.com/item/nightfall-shroud,https://gpovalues.com/images/Nightfall%20Shroud.webp?v=17127eb5,2026-10-02T06:32:58.551982+00:00,120811,nightfall shroud
time-rift-capsule,Time-Rift Capsule,TRC,14691.92,13222.73,16161.12,high,Epic,A,Low,0.32,1727,ratio_chain,https://gpovalues.com/item/time-rift-capsule,https://gpovalues.com/images/Time-Rift%20Capsule.webp?v=b96dbc2a,2026-10-02T06:32:58.551982+00:00,120811,time-rift capsule
hopiyo-the-bunny,Hopiyo The Bunny,HB,16299.56,14669.6,17929.51,high,Legendary,A,High,1.53,4979,ratio_chain,https://gpovalues.com/item/hopiyo-the-bunny,,2026-10-02T06:32:58.551982+00:00,120811,hopiyo the bunny
sickle-of-sorrow,Sickle of Sorrow,SOS,14582.07,13123.86,16040.27,high,Legendary,A,Low,0.77,4074,ratio_chain,https://gpovalues.com/item/sickle-of-sorrow,https://gpovalues.com/images/Sickle%20of%20Sorrow.webp?v=25f180f1,2026-10-02T06:32:58.551982+00:00,120811,sickle of sorrow
thunder-club,Thunder Club,TCLUB,14301.98,12871.77,15732.16,high,Mythical,A,Stable,1.3,3167,ratio_chain,https://gpovalues.com/item/thunder-club,https://gpovalues.com/images/Thunder%20Club.webp?v=003ec7de,2026-10-02T06:32:58.551982+00:00,120811,thunder club
dark-blade,Dark Blade,DB,13106.82,11796.14,14417.5,high,Mythical,A,Low,0.36,12587,ratio_chain,https://gpovalues.com/item/dark-blade,https://gpovalues.com/images/Dark%20Blade.webp?v=e6157f1c,2026-10-02T06:32:58.551982+00:00,120811,dark blade
resurrected-baals-head,Resurrected Ba'al's Head,RESHEAD,13025.33,11722.8,14327.86,high,Legendary,A,Low,0.84,4273,ratio_chain,https://gpovalues.com/item/resurrected-baals-head,https://gpovalues.com/images/Resurrected%20Ba%27al%27s%20Head.webp?v=fc51f583,2026-10-02T06:32:58.551982+00:00,120811,resurrected ba'al's head
dark-skeletal-shark-mask,Dark Skeletal Shark Mask,DSSM,13017.34,11715.61,14319.07,high,Legendary,A,Stable,1.0,1332,ratio_chain,https://gpovalues.com/item/dark-skeletal-shark-mask,https://gpovalues.com/images/Dark%20Skeletal%20Shark%20Mask.webp?v=60fe4bb5,2026-10-02T06:32:58.551982+00:00,120811,dark skeletal shark mask
kraken-blade,Kraken Blade,KB,14375.0,12218.75,16531.25,medium,Collectable,,High,2.96,285,ratio_chain,https://gpovalues.com/item/kraken-blade,https://gpovalues.com/images/Kraken%20Blade%20%28Gold%29.webp?v=42768890,2026-10-02T06:32:58.551982+00:00,120811,kraken blade
hover-pod,Hover Pod,HPOD,11612.62,10451.36,12773.89,high,Epic,A,Low,0.46,3989,ratio_chain,https://gpovalues.com/item/hover-pod,https://gpovalues.com/images/Hover%20Pod.webp?v=6eba5cde,2026-10-02T06:32:58.551982+00:00,120811,hover pod
stark-guns,Stark Guns,SGUNS,12361.25,11125.14,13597.38,high,Legendary,A,Low,0.86,1911,ratio_chain,https://gpovalues.com/item/stark-guns,https://gpovalues.com/images/Stark%20Gun.webp?v=17afdacf,2026-10-02T06:32:58.551982+00:00,120811,stark guns
virtuous-cupid-queens-wings,Virtuous Cupid Queen's Wings,VCQW,13061.65,11102.41,15020.91,medium,Legendary,A,High,2.69,864,ratio_chain,https://gpovalues.com/item/virtuous-cupid-queens-wings,https://gpovalues.com/images/Virtuous%20Cupid%20Queen%27s%20Wings.webp?v=26acdfde,2026-10-02T06:32:58.551982+00:00,120811,virtuous cupid queen's wings
leopard,Leopard,LEO,9685.48,8716.94,10654.04,high,Mythical,A,Low,0.35,3581,ratio_chain,https://gpovalues.com/item/leopard,https://gpovalues.com/images/Leopard.webp?v=496a4ba2,2026-10-02T06:32:58.551982+00:00,120811,leopard
santa,Santa,SANTA,10474.82,8379.86,12569.79,low,,,High,1.6,148,ratio_chain,https://gpovalues.com/item/santa,,2026-10-02T06:32:58.551982+00:00,120811,santa
mythical-fruit-chest,Mythical Fruit Chest,MC,11500.0,10350.0,12650.0,high,Mythical,A,Low,0.9,33908,ratio_chain,https://gpovalues.com/item/mythical-fruit-chest,https://gpovalues.com/images/Mythical%20Fruit%20Chest.webp?v=24999bcf,2026-10-02T06:32:58.551982+00:00,120811,mythical fruit chest
kikoku,Kikoku,KIKO,9270.05,8343.04,10197.05,high,Mythical,A,Low,0.34,6567,ratio_chain,https://gpovalues.com/item/kikoku,https://gpovalues.com/images/Kikoku.webp?v=73f13660,2026-10-02T06:32:58.551982+00:00,120811,kikoku
exalted-cupid-queens-wings,Exalted Cupid Queen's Wings,EWINGS,7889.46,6706.04,9072.87,medium,Legendary,A,Stable,1.08,822,ratio_chain,https://gpovalues.com/item/exalted-cupid-queens-wings,https://gpovalues.com/images/Exalted%20Cupid%20Queen%27s%20Wings.webp?v=3a1cde18,2026-10-02T06:32:58.551982+00:00,120811,exalted cupid queen's wings
mochi,Mochi,MOCHI,7672.82,6905.54,8440.1,high,Mythical,A-,Stable,1.4,6640,ratio_chain,https://gpovalues.com/item/mochi,https://gpovalues.com/images/Mochi%20Mochi%20no%20Mi%20%28Mochi-Mochi%20Fruit%29.webp?v=d3ed57ed,2026-10-02T06:32:58.551982+00:00,120811,mochi
paw,Paw,PAW,5797.77,4928.1,6667.44,medium,Legendary,B-,Low,0.21,695,ratio_chain,https://gpovalues.com/item/paw,https://gpovalues.com/images/Nikyu%20Nikyu%20no%20Mi%20%28Paw-Paw%20Fruit%29.webp?v=8cb20ba4,2026-10-02T06:32:58.551982+00:00,120811,paw
cupid-queens-outfit,Cupid Queen's Outfit,QFIT,6676.02,5674.62,7677.42,medium,Collectable,A-,Stable,1.04,282,ratio_chain,https://gpovalues.com/item/cupid-queens-outfit,https://gpovalues.com/images/Cupid%20Queen%27s%20Outfit.webp?v=09402628,2026-10-02T06:32:58.551982+00:00,120811,cupid queen's outfit
odm-rod,ODM Rod,OR,5956.01,4764.81,7147.21,low,Rare,A-,Low,0.47,165,ratio_chain,https://gpovalues.com/item/odm-rod,https://gpovalues.com/images/ODM%20Rod.webp?v=c8052983,2026-10-02T06:32:58.551982+00:00,120811,odm rod
venom,Venom,VENOM,5915.78,5324.2,6507.36,high,Mythical,A-,High,1.61,5764,ratio_chain,https://gpovalues.com/item/venom,https://gpovalues.com/images/Doku%20Doku%20No%20Mi%20%28Poison%20Poison%20Fruit%29.webp?v=21adca3c,2026-10-02T06:32:58.551982+00:00,120811,venom
soul,Soul,SOUL,5216.05,4694.44,5737.65,high,Mythical,A-,Low,0.52,4760,ratio_chain,https://gpovalues.com/item/soul,https://gpovalues.com/images/Soul.webp?v=048be688,2026-10-02T06:32:58.551982+00:00,120811,soul
nightfall-half-shroud,Nightfall Half Shroud,NFHS,5735.84,4875.46,6596.22,medium,Collectable,A-,Low,0.54,825,ratio_chain,https://gpovalues.com/item/nightfall-half-shroud,https://gpovalues.com/images/Nightfall%20Half%20Shroud.webp?v=3e00b35a,2026-10-02T06:32:58.551982+00:00,120811,nightfall half shroud
cupid-queens-wings,Cupid Queen's Wings,QWINGS,6426.18,5783.56,7068.8,high,Legendary,A-,High,1.53,1330,ratio_chain,https://gpovalues.com/item/cupid-queens-wings,https://gpovalues.com/images/Cupid%20Queen%27s%20Wings.webp?v=b0797c04,2026-10-02T06:32:58.551982+00:00,120811,cupid queen's wings
soul-kings-guitar,Soul King's Guitar,SKG,4985.26,4486.73,5483.78,high,Legendary,A-,Stable,0.97,2875,ratio_chain,https://gpovalues.com/item/soul-kings-guitar,https://gpovalues.com/images/Soul%20King%27s%20Guitar.webp?v=3e079601,2026-10-02T06:32:58.551982+00:00,120811,soul king's guitar
firework-lancer,Firework Lancer,FL,4776.46,4060.0,5492.94,medium,Legendary,A-,Low,0.35,906,ratio_chain,https://gpovalues.com/item/firework-lancer,https://gpovalues.com/images/Firework%20Lancer.webp?v=d482cd70,2026-10-02T06:32:58.551982+00:00,120811,firework lancer
tori,Tori,TORI,5175.32,4657.8,5692.86,high,Mythical,A-,High,2.15,5561,ratio_chain,https://gpovalues.com/item/tori,https://gpovalues.com/images/Tori%20Tori%20no%20Mi%2C%20Model%20Phoenix.webp?v=6dcf5cd1,2026-10-02T06:32:58.551982+00:00,120811,tori
inferno-rocket-blade,Inferno Rocket Blade,IRB,4708.01,4001.82,5414.21,medium,Legendary,A-,Low,0.48,868,ratio_chain,https://gpovalues.com/item/inferno-rocket-blade,https://gpovalues.com/images/Inferno%20Rocket%20Blade.webp?v=ec036ae9,2026-10-02T06:32:58.551982+00:00,120811,inferno rocket blade
pteranodon,Pteranodon,PTERO,4355.74,3920.17,4791.31,high,Mythical,A-,Stable,0.98,3949,ratio_chain,https://gpovalues.com/item/pteranodon,https://gpovalues.com/images/Ryu%20Ryu%20no%20Mi%2C%20Model%20Pteranodon.webp?v=05f40b6b,2026-10-02T06:32:58.551982+00:00,120811,pteranodon
kaido,Kaido,KAIDO,4995.21,4245.93,5744.49,medium,,NEW,High,2.47,447,ratio_chain,https://gpovalues.com/item/kaido,,2026-10-02T06:32:58.551982+00:00,120811,kaido
rogers-outfit,Roger's Outfit,RO,3302.46,2807.09,3797.83,medium,Legendary,B+,Low,0.31,313,ratio_chain,https://gpovalues.com/item/rogers-outfit,https://gpovalues.com/images/Roger%27s%20Outfit.webp?v=0c67d915,2026-10-02T06:32:58.551982+00:00,120811,roger's outfit
big-mamas-cape,Big Mama's Cape,BMC,3863.84,3284.26,4443.42,medium,Legendary,B+,Stable,1.01,488,ratio_chain,https://gpovalues.com/item/big-mamas-cape,https://gpovalues.com/images/Big%20Mama%27s%20Cape.webp?v=fb1f2db3,2026-10-02T06:32:58.551982+00:00,120811,big mama's cape
big-mamas-outfit,Big Mama's Outfit,BMO,3912.57,3325.68,4499.45,medium,Legendary,,Stable,1.1,570,ratio_chain,https://gpovalues.com/item/big-mamas-outfit,https://gpovalues.com/images/Big%20Mama%27s%20Outfit%20%28Male%29.webp?v=b20d9a59,2026-10-02T06:32:58.551982+00:00,120811,big mama's outfit
blos-crimson-sledgehammer,Blo's Crimson Sledgehammer,BCS,4090.15,3476.63,4703.68,medium,Legendary,A-,High,1.99,209,ratio_chain,https://gpovalues.com/item/blos-crimson-sledgehammer,https://gpovalues.com/images/Blo%27s%20Crimson%20Sledgehammer.webp?v=aa50d95c,2026-10-02T06:32:58.551982+00:00,120811,blo's crimson sledgehammer
big-mama,Big Mama,BM,4090.15,3476.63,4703.68,medium,,,High,1.85,254,ratio_chain,https://gpovalues.com/item/big-mama,,2026-10-02T06:32:58.551982+00:00,120811,big mama
kaido-set,Kaido Set,KS,4355.26,3701.96,5008.55,medium,,,High,2.04,246,ratio_chain,https://gpovalues.com/item/kaido-set,,2026-10-02T06:32:58.551982+00:00,120811,kaido set
pika,Pika,PIKA,3398.28,3058.46,3738.12,high,Legendary,A-,Low,0.44,15773,ratio_chain,https://gpovalues.com/item/pika,https://gpovalues.com/images/Pika%20Pika%20no%20Mi%20%28Glint-Glint%20Fruit%29.webp?v=3d5d0116,2026-10-02T06:32:58.551982+00:00,120811,pika
cupids-headband,Cupid's Headband,CH,4190.77,3562.15,4819.38,medium,Rare,B,High,3.76,495,ratio_chain,https://gpovalues.com/item/cupids-headband,https://gpovalues.com/images/Cupid%20Headband.webp?v=c81ba9eb,2026-10-02T06:32:58.551982+00:00,120811,cupid's headband
head-of-baal,Head of Ba'al,HB,4136.64,3516.14,4757.12,medium,Legendary,A-,Stable,1.39,928,ratio_chain,https://gpovalues.com/item/head-of-baal,https://gpovalues.com/images/Head%20of%20Ba%27al.webp?v=66312c64,2026-10-02T06:32:58.551982+00:00,120811,head of ba'al
demon-jesters-scythe,Demon Jester's Scythe,JSCYTHE,3212.93,2730.98,3694.86,medium,Legendary,B+,Low,0.61,361,ratio_chain,https://gpovalues.com/item/demon-jesters-scythe,https://gpovalues.com/images/Demon%20Jester%27s%20Scythe.webp?v=fd9f4b22,2026-10-02T06:32:58.551982+00:00,120811,demon jester's scythe
cupid-queens-scarf,Cupid Queen's Scarf,CQS,3491.63,2967.88,4015.37,medium,Mythical,B+,Stable,0.92,207,ratio_chain,https://gpovalues.com/item/cupid-queens-scarf,https://gpovalues.com/images/Cupid%20Queen%27s%20Scarf.webp?v=79f6c5ac,2026-10-02T06:32:58.551982+00:00,120811,cupid queen's scarf
fishing-rod,Fishing Rod,FR,3502.93,2977.49,4028.37,medium,Rare,,Stable,1.3,278,ratio_chain,https://gpovalues.com/item/fishing-rod,https://gpovalues.com/images/Fishing%20Rod.webp?v=e752abd1,2026-10-02T06:32:58.551982+00:00,120811,fishing rod
amaterasu,Amaterasu,AMATERASU,3274.36,2292.06,4256.67,low,Mythical,,High,5.13,49,ratio_chain,https://gpovalues.com/item/amaterasu,https://gpovalues.com/images/Amaterasu.webp?v=c807506f,2026-10-02T06:32:58.551982+00:00,120811,amaterasu
endbringer-armor,Endbringer Armor,EA,3221.71,2738.45,3704.96,medium,Legendary,B+,Stable,1.19,596,ratio_chain,https://gpovalues.com/item/endbringer-armor,https://gpovalues.com/images/Endbringer%20Armor.webp?v=d2fb4905,2026-10-02T06:32:58.551982+00:00,120811,endbringer armor
buddha,Buddha,BUDDHA,2320.85,2088.77,2552.93,high,Mythical,B+,Low,0.3,3785,ratio_chain,https://gpovalues.com/item/buddha,https://gpovalues.com/images/Hito%20Hito%20no%20Mi%2C%20Model%20Daibutsu.webp?v=20355743,2026-10-02T06:32:58.551982+00:00,120811,buddha
flamingo-boat,Flamingo Boat,FB,2720.92,2448.82,2993.0,high,Rare,A-,Low,0.79,1747,ratio_chain,https://gpovalues.com/item/flamingo-boat,https://gpovalues.com/images/Flamingo%20Boat.webp?v=374c75e5,2026-10-02T06:32:58.551982+00:00,120811,flamingo boat
festival-shield,Festival Shield,FESH,2635.56,2108.45,3162.67,low,Legendary,B+,High,6.38,96,ratio_chain,https://gpovalues.com/item/festival-shield,https://gpovalues.com/images/Festival%20Shield.webp?v=dabec3c4,2026-10-02T06:32:58.551982+00:00,120811,festival shield
yuki,Yuki,YUKI,2240.23,1904.19,2576.26,medium,Legendary,B-,Low,0.17,786,ratio_chain,https://gpovalues.com/item/yuki,https://gpovalues.com/images/Yuki%20Yuki%20no%20Mi%20%28Snow-Snow%20Fruit%29.webp?v=d8cfc438,2026-10-02T06:32:58.551982+00:00,120811,yuki
true-baals-guard,True Ba'al's Guard,TBG,2522.36,2270.12,2774.59,high,Legendary,B+,Low,0.39,1196,ratio_chain,https://gpovalues.com/item/true-baals-guard,https://gpovalues.com/images/True%20Ba%27al%27s%20Guard.webp?v=0fca3946,2026-10-02T06:32:58.551982+00:00,120811,true ba'al's guard
hollows-fang,Hollow's Fang,HFANG,2566.36,2181.41,2951.32,medium,Legendary,B+,Stable,1.03,450,ratio_chain,https://gpovalues.com/item/hollows-fang,https://gpovalues.com/images/Hollow%27s%20Fang.webp?v=f12f9868,2026-10-02T06:32:58.551982+00:00,120811,hollow's fang
hoverboard,Hoverboard,HOVERBOARD,2164.38,1839.72,2489.04,medium,Legendary,,Low,0.19,906,ratio_chain,https://gpovalues.com/item/hoverboard,https://gpovalues.com/images/Hoverboard.webp?v=168b5475,2026-10-02T06:32:58.551982+00:00,120811,hoverboard
gura,Gura,GURA,2147.63,1932.87,2362.4,high,Legendary,B+,Low,0.43,1229,ratio_chain,https://gpovalues.com/item/gura,https://gpovalues.com/images/Gura%20Gura%20no%20Mi%20%28Tremor-Tremor%20Fruit%29.webp?v=33708072,2026-10-02T06:32:58.551982+00:00,120811,gura
bat-swarm,Bat Swarm,BS,2726.71,2454.03,2999.38,high,Legendary,B+,High,1.91,1574,ratio_chain,https://gpovalues.com/item/bat-swarm,https://gpovalues.com/images/Bat%20Swarm.webp?v=793da936,2026-10-02T06:32:58.551982+00:00,120811,bat swarm
rogers-ace,Roger's Ace,ACE,2098.67,1888.79,2308.53,high,Mythical,B+,Low,0.35,3058,ratio_chain,https://gpovalues.com/item/rogers-ace,https://gpovalues.com/images/Roger%27s%20Ace.webp?v=6bfa980f,2026-10-02T06:32:58.551982+00:00,120811,roger's ace
kaido-cape,Kaido Cape,KC,3029.68,2575.22,3484.13,medium,Legendary,,High,4.58,904,ratio_chain,https://gpovalues.com/item/kaido-cape,https://gpovalues.com/images/Kaido%20Cape.webp?v=1666577d,2026-10-02T06:32:58.551982+00:00,120811,kaido cape
snoozy-neko,Snoozy Neko,SN,2467.92,2221.12,2714.71,high,Mythical,A-,Low,0.45,1257,ratio_chain,https://gpovalues.com/item/snoozy-neko,https://gpovalues.com/images/Snoozy%20Neko.webp?v=18f30a0b,2026-10-02T06:32:58.551982+00:00,120811,snoozy neko
elos-sledgehammer,Elo's Sledgehammer,ES,2990.54,2691.48,3289.6,high,Legendary,A-,Stable,1.42,1087,ratio_chain,https://gpovalues.com/item/elos-sledgehammer,https://gpovalues.com/images/Elo%27s%20Sledgehammer.webp?v=5d04e5e4,2026-10-02T06:32:58.551982+00:00,120811,elo's sledgehammer
biscuit,Biscuit,BISC,2144.94,1930.44,2359.43,high,Legendary,B+,Low,0.1,1617,ratio_chain,https://gpovalues.com/item/biscuit,https://gpovalues.com/images/Biscuit.webp?v=d51a0193,2026-10-02T06:32:58.551982+00:00,120811,biscuit
sunken-any,Sunken (any),SUNKEN,2138.01,1817.3,2458.7,medium,Legendary,,Low,0.07,280,ratio_chain,https://gpovalues.com/item/sunken-any,https://gpovalues.com/images/Sunken%20%28any%29.webp?v=fec8cb83,2026-10-02T06:32:58.551982+00:00,120811,sunken (any)
ten-tails,Ten Tails,TT,2515.3,2012.24,3018.36,low,,,Low,0.53,115,ratio_chain,https://gpovalues.com/item/ten-tails,https://gpovalues.com/images/Ten%20Tails%20Jinchuriki%20Costume.webp?v=5198b7c8,2026-10-02T06:32:58.551982+00:00,120811,ten tails
mera-mera,Mera Mera,MERA,2313.55,2082.2,2544.91,high,Legendary,B+,Low,0.53,1936,ratio_chain,https://gpovalues.com/item/mera-mera,https://gpovalues.com/images/Mera-Mera%20no%20Mi%20%28Flame-Flame%20Fruit%29.webp?v=7c0fc3ec,2026-10-02T06:32:58.551982+00:00,120811,mera mera
ope,Ope,OPE,2275.82,2048.23,2503.4,high,Mythical,B+,Low,0.21,4028,ratio_chain,https://gpovalues.com/item/ope,https://gpovalues.com/images/Ope%20Ope%20no%20Mi%20%28Op-Op%20Fruit%29.webp?v=6ca418ff,2026-10-02T06:32:58.551982+00:00,120811,ope
suna,Suna,SUNA,1855.29,1669.76,2040.82,high,Legendary,B+,Low,0.26,1347,ratio_chain,https://gpovalues.com/item/suna,https://gpovalues.com/images/Suna%20Suna%20no%20Mi%20%28Sand-Sand%20Fruit%29.webp?v=a9381f36,2026-10-02T06:32:58.551982+00:00,120811,suna
sea-serpents-core-kraken-core,Sea Serpent's Core & Kraken Core,SSCKC,1566.73,1331.72,1801.74,medium,Legendary,B,Low,0.36,331,ratio_chain,https://gpovalues.com/item/sea-serpents-core-kraken-core,https://gpovalues.com/images/Sea%20Serpent%27s%20Core.webp?v=71b5abc9,2026-10-02T06:32:58.551982+00:00,120811,sea serpent's core & kraken core
cupids-chakram,Cupid's Chakram,CHAK,1606.46,1365.49,1847.43,medium,Legendary,B+,Low,0.54,748,ratio_chain,https://gpovalues.com/item/cupids-chakram,https://gpovalues.com/images/Cupid%27s%20Chakram.webp?v=75cf86dc,2026-10-02T06:32:58.551982+00:00,120811,cupid's chakram
iceborn-katana,Iceborn Katana,IBK,1691.07,1352.86,2029.29,low,Legendary,B,Low,0.58,104,ratio_chain,https://gpovalues.com/item/iceborn-katana,https://gpovalues.com/images/Iceborn%20Katana.webp?v=74220bfd,2026-10-02T06:32:58.551982+00:00,120811,iceborn katana
ruin-mask,Ruin Mask,RM,1455.13,1164.1,1746.15,low,Rare,,High,5.63,106,ratio_chain,https://gpovalues.com/item/ruin-mask,https://gpovalues.com/images/Ruin%20Mask.webp?v=1a8bbdac,2026-10-02T06:32:58.551982+00:00,120811,ruin mask
magu,Magu,MAGU,1422.39,1280.15,1564.62,high,Legendary,B+,Low,0.33,4513,ratio_chain,https://gpovalues.com/item/magu,https://gpovalues.com/images/Magu%20Magu%20no%20Mi%20%28Magma-Magma%20Fruit%29.webp?v=aa2a6208,2026-10-02T06:32:58.551982+00:00,120811,magu
legendary-fruit-chest,Legendary Fruit Chest,LC,1365.5,1228.95,1502.04,high,Legendary,B+,Low,0.63,19663,ratio_chain,https://gpovalues.com/item/legendary-fruit-chest,https://gpovalues.com/images/Legendary%20Fruit%20Chest.webp?v=ab294060,2026-10-02T06:32:58.551982+00:00,120811,legendary fruit chest
goru,Goru,GORU,1048.42,943.57,1153.25,high,Legendary,B,Stable,1.3,1107,ratio_chain,https://gpovalues.com/item/goru,https://gpovalues.com/images/Goru%20Goru%20no%20Mi%20%28Gold-Gold%20Fruit%29.webp?v=9f0009ee,2026-10-02T06:32:58.551982+00:00,120811,goru
zushi,Zushi,ZUSHI,943.87,849.48,1038.26,high,Legendary,B,High,1.59,1338,ratio_chain,https://gpovalues.com/item/zushi,https://gpovalues.com/images/Zushi%20Zushi%20no%20Mi.webp?v=4fe796e9,2026-10-02T06:32:58.551982+00:00,120811,zushi
goro,Goro,GORO,900.17,810.16,990.19,high,Legendary,B+,Stable,1.12,2046,ratio_chain,https://gpovalues.com/item/goro,https://gpovalues.com/images/Goro%20Goro%20no%20Mi%20%28Rumble-Rumble%20Fruit%29.webp?v=edd27678,2026-10-02T06:32:58.551982+00:00,120811,goro
katakuri,Katakuri,KATAKURI,943.87,849.48,1038.26,high,,,High,1.6,1250,ratio_chain,https://gpovalues.com/item/katakuri,,2026-10-02T06:32:58.551982+00:00,120811,katakuri
hie,Hie,HIE,900.17,810.16,990.19,high,Legendary,B,Stable,1.16,1733,ratio_chain,https://gpovalues.com/item/hie,https://gpovalues.com/images/Hie%20Hie%20no%20Mi%20%28Ice-Ice%20Fruit%29.webp?v=cb82ba9e,2026-10-02T06:32:58.551982+00:00,120811,hie
spare-fruit-bag,Spare Fruit Bag,SFB,765.49,650.66,880.31,medium,Rare,B+,Low,0.64,942,ratio_chain,https://gpovalues.com/item/spare-fruit-bag,https://gpovalues.com/images/Spare%20Fruit%20Bag.webp?v=f48cae3f,2026-10-02T06:32:58.551982+00:00,120811,spare fruit bag
rocky-shoulder-pet,Rocky Shoulder Pet,RSP,727.56,582.05,873.08,low,Legendary,B+,High,1.8,70,ratio_chain,https://gpovalues.com/item/rocky-shoulder-pet,https://gpovalues.com/images/Rocky%20Shoulder%20Pet.webp?v=77530bb3,2026-10-02T06:32:58.551982+00:00,120811,rocky shoulder pet
ito,Ito,ITO,749.09,674.19,824.0,high,Legendary,B+,Stable,1.2,1453,ratio_chain,https://gpovalues.com/item/ito,https://gpovalues.com/images/Ito%20Ito%20no%20Mi%20%28String-String%29.webp?v=75b04aa8,2026-10-02T06:32:58.551982+00:00,120811,ito
kage,Kage,KAGE,494.74,420.53,568.96,medium,Legendary,B-,Low,0.3,797,ratio_chain,https://gpovalues.com/item/kage,https://gpovalues.com/images/Kage%20Kage%20no%20Mi%20%28Shadow-Shadow%20Fruit%29.webp?v=dca89b4a,2026-10-02T06:32:58.551982+00:00,120811,kage
yami,Yami,YAMI,494.55,420.37,568.73,medium,Legendary,B-,Low,0.29,896,ratio_chain,https://gpovalues.com/item/yami,https://gpovalues.com/images/Yami%20Yami%20no%20Mi%20%28Dark-Dark%20Fruit%29.webp?v=f435914d,2026-10-02T06:32:58.551982+00:00,120811,yami
smoke,Smoke,SMOKE,463.56,394.03,533.09,medium,Legendary,B-,Low,0.2,635,ratio_chain,https://gpovalues.com/item/smoke,https://gpovalues.com/images/Moku%20Moku%20no%20Mi%20%28Smoke-Smoke%20Fruit%29.webp?v=afab8624,2026-10-02T06:32:58.551982+00:00,120811,smoke
megalodon-teeth,Megalodon Teeth,MT,409.01,327.21,490.81,low,,,High,2.67,55,ratio_chain,https://gpovalues.com/item/megalodon-teeth,https://gpovalues.com/images/Megalodon%20Teeth.webp?v=564c6e62,2026-10-02T06:32:58.551982+00:00,120811,megalodon teeth
kaido-outfit,Kaido Outfit,KO,247.27,210.18,284.37,medium,Legendary,,Low,0.46,402,ratio_chain,https://gpovalues.com/item/kaido-outfit,,2026-10-02T06:32:58.551982+00:00,120811,kaido outfit
legendary-fish-bait,Legendary Fish Bait,LFB,174.82,157.34,192.3,high,Rare,,Low,0.79,11009,ratio_chain,https://gpovalues.com/item/legendary-fish-bait,https://gpovalues.com/images/Legendary%20Fish%20Bait.webp?v=c69b296e,2026-10-02T06:32:58.551982+00:00,120811,legendary fish bait
rare-fruit-chest,Rare Fruit Chest,RFC,715.68,500.97,930.38,medium,Rare,,Stable,1.0,479,1to1_alignment,https://gpovalues.com/item/rare-fruit-chest,https://gpovalues.com/images/Rare%20Fruit%20Chest.webp?v=86a70ffa,2026-10-02T06:32:58.551982+00:00,120811,rare fruit chest
special-tailor-token,Special Tailor Token,STT,98.23,88.4,108.04,high,Collectable,B-,Low,0.73,5101,ratio_chain,https://gpovalues.com/item/special-tailor-token,https://gpovalues.com/images/Special%20Tailor%20Token.webp?v=e73433eb,2026-10-02T06:32:58.551982+00:00,120811,special tailor token
sp-reset-essence,SP Reset Essence,SPR,55.76,47.4,64.12,medium,Common,F,High,3.39,303,ratio_chain,https://gpovalues.com/item/sp-reset-essence,https://gpovalues.com/images/SP%20Reset%20Essence.webp?v=3c3daf85,2026-10-02T06:32:58.551982+00:00,120811,sp reset essence
fish-bait,Fish Bait,FB,1842.57,1289.8,2395.35,high,,,Low,0.85,3356,1to1_alignment,https://gpovalues.com/item/fish-bait,https://gpovalues.com/images/Fish%20Bait.webp?v=c876cd18,2026-10-02T06:32:58.551982+00:00,120811,fish bait
bounty-per-unit,Bounty (per unit),BOUNTY,0.03160558078071658,0.01580279039035829,0.047408371171074874,high,,,,,2275,,https://gpovalues.com/,,2026-10-02T06:32:58.551982+00:00,120811,bounty (per unit)
